Workbook
Name _200402: #REF!
Name _200402: #REF!
Name All_Time_High: #REF!
Name All_Time_High: #REF!
Name Alle_Poeng_Alf: #REF!
Name Alle_Poeng_Alf: #REF!
Name Alle_Poeng_Endre: #REF!
Name Alle_Poeng_Endre: #REF!
Name Alle_Poeng_Gjest: #REF!
Name Alle_Poeng_KarlArne: #REF!
Name Alle_Poeng_Lars: #REF!
Name Alle_Poeng_Rune: #REF!
Name Alle_Poeng_Utgang: #REF!
Name Alle_Poeng_Øyvind: #REF!
Name Alle_Siste_Ukes_Poeng: #REF!
Name alltimehigh: #REF!
Name alltimehigh: #REF!
Name alltimelow: #REF!
Name alltimelow: #REF!
Name AntallPremierElveRette: #REF!
Name AntallPremierElveRette: #REF!
Name AntallPremierTiREtte: #REF!
Name AntallPremierTiREtte: #REF!
Name ar_1: #REF!
Name ar_1: #REF!
Name ar_2: #REF!
Name ar_2: #REF!
Name ar_3: #REF!
Name ar_3: #REF!
Name ar_4: #REF!
Name ar_4: #REF!
Name ar_5: #REF!
Name ar_5: #REF!
Name ar_6: #REF!
Name ar_6: #REF!
Name ar_7: #REF!
Name ar_7: #REF!
Name ath: #REF!
Name atl: #REF!
Name attera: #REF!
Name attera: #REF!
Name b_ahh: #REF!
Name b_eb: #REF!
Name b_jh: #REF!
Name b_kaf: #REF!
Name b_rb: #REF!
Name b_toh: #REF!
Name b_øg: #REF!
Name bilde: INDIRECT(#REF!)
Name bilde: INDIRECT(#REF!)
Name bilde: INDIRECT(#REF!)
Name bt: #REF!
Name ccc: #REF!
Name ccc: #REF!
Name cl: #REF!
Name cl: #REF!
Name clo: #REF!
Name clo: #REF!
Name clt: #REF!
Name elvera: #REF!

Sheet Heder & Ære
C2: Årsavslutning 2023-2024 sesongen Skorgen Tippelag
C3: ST Medlemmer | D3: Poeng | E3: Rang | F3: PoengAntall | G3: PoengAntall | H3: PoengAntall | I3: PoengAntall | J3: PoengAntall | K3: PoengAntall | L3: PoengAntall | M3: PoengAntall | N3: Straff | O3: Rangering | P3: Hjemmepoeng | Q3: Uavgjortpoeng | R3: Bortepoeng | S3: Hjemmetreff | T3: Uavgjorttreff | U3: Bortetreff | V3: Antalll koponger | W3: Poengtap | X3: Straff
F4: 80 | G4: 70 | H4: 60 | I4: 50 | J4: 40 | K4: 30 | L4: 20 | M4: 10 | N4: straff | P4: hp | Q4: up | R4: bp | S4: =$S$16 -> 80 | T4: =$S$16 -> 80 | U4: =$S$16 -> 80
C5: AHH | D5: =SUMIFS(INDIRECT("t_"&C5&"[tp]"),INDIRECT("t_"&C5&"[tp]"),"<>""")+X5 -> #REF! | E5: =AVERAGE(INDIRECT("t_"&C5&"[Rank]")) -> #REF! | F5: =COUNTIF(#REF!,F$4) -> #REF! | G5: =COUNTIF(#REF!,G$4) -> #REF! | H5: =COUNTIF(#REF!,H$4) -> #REF! | I5: =COUNTIF(#REF!,I$4) -> #REF! | J5: =COUNTIF(#REF!,J$4) -> #REF! | K5: =COUNTIF(#REF!,K$4) -> #REF! | L5: =COUNTIF(#REF!,L$4) -> #REF! | M5: =COUNTIF(#REF!,M$4) -> #REF! | N5: =(SUM(INDIRECT("t_"&C5&"[Straff]"))/50)*-1 -> #REF! | O5: =_xlfn.RANK.EQ(D5,$D$5:$D$13) -> #REF! | P5: =SUMIFS(INDIRECT("t_"&C5&"[hp]"),INDIRECT("t_"&C5&"[hp]"),"<>""") -> #REF! | Q5: =SUMIFS(INDIRECT("t_"&C5&"[up]"),INDIRECT("t_"&C5&"[up]"),"<>""") -> #REF! | R5: =SUMIFS(INDIRECT("t_"&C5&"[bp]"),INDIRECT("t_"&C5&"[bp]"),"<>""") -> #REF! | S5: =COUNTIF(#REF!,S4) -> #REF! | T5: =COUNTIF(#REF!,T4) -> #REF! | U5: =COUNTIF(#REF!,U4) -> #REF! | V5: =COUNTIF(INDIRECT("t_"&$C5&"[Rank]"),">0") -> #REF! | W5: =(960*$V5)-SUM(P5:R5) -> #REF! | X5: =(SUM(INDIRECT("t_"&C5&"[Straff]"))/50)*-1 -> #REF!
C6: RB | D6: =SUMIFS(INDIRECT("t_"&C6&"[tp]"),INDIRECT("t_"&C6&"[tp]"),"<>""")+X6 -> #REF! | E6: =AVERAGE(INDIRECT("t_"&C6&"[Rank]")) -> #REF! | F6: =COUNTIF(#REF!,F$4) -> #REF! | G6: =COUNTIF(#REF!,G$4) -> #REF! | H6: =COUNTIF(#REF!,H$4) -> #REF! | I6: =COUNTIF(#REF!,I$4) -> #REF! | J6: =COUNTIF(#REF!,J$4) -> #REF! | K6: =COUNTIF(#REF!,K$4) -> #REF! | L6: =COUNTIF(#REF!,L$4) -> #REF! | M6: =COUNTIF(#REF!,M$4) -> #REF! | N6: =(SUM(INDIRECT("t_"&C6&"[Straff]"))/50)*-1 -> #REF! | O6: =_xlfn.RANK.EQ(D6,$D$5:$D$13) -> #REF! | P6: =SUMIFS(INDIRECT("t_"&C6&"[hp]"),INDIRECT("t_"&C6&"[hp]"),"<>""") -> #REF! | Q6: =SUMIFS(INDIRECT("t_"&C6&"[up]"),INDIRECT("t_"&C6&"[up]"),"<>""") -> #REF! | R6: =SUMIFS(INDIRECT("t_"&C6&"[bp]"),INDIRECT("t_"&C6&"[bp]"),"<>""") -> #REF! | S6: =COUNTIF(#REF!,S4) -> #REF! | T6: =COUNTIF(#REF!,T4) -> #REF! | U6: =COUNTIF(#REF!,U4) -> #REF! | V6: =COUNTIF(INDIRECT("t_"&$C6&"[Rank]"),">0") -> #REF! | W6: =(960*$V6)-SUM(P6:R6) -> #REF! | X6: =(SUM(INDIRECT("t_"&C6&"[Straff]"))/50)*-1 -> #REF!
C7: EB | D7: =SUMIFS(INDIRECT("t_"&C7&"[tp]"),INDIRECT("t_"&C7&"[tp]"),"<>""")+X7 -> #REF! | E7: =AVERAGE(INDIRECT("t_"&C7&"[Rank]")) -> #REF! | F7: =COUNTIF(#REF!,F$4) -> #REF! | G7: =COUNTIF(#REF!,G$4) -> #REF! | H7: =COUNTIF(#REF!,H$4) -> #REF! | I7: =COUNTIF(#REF!,I$4) -> #REF! | J7: =COUNTIF(#REF!,J$4) -> #REF! | K7: =COUNTIF(#REF!,K$4) -> #REF! | L7: =COUNTIF(#REF!,L$4) -> #REF! | M7: =COUNTIF(#REF!,M$4) -> #REF! | N7: =(SUM(INDIRECT("t_"&C7&"[Straff]"))/50)*-1 -> #REF! | O7: =_xlfn.RANK.EQ(D7,$D$5:$D$13) -> #REF! | P7: =SUMIFS(INDIRECT("t_"&C7&"[hp]"),INDIRECT("t_"&C7&"[hp]"),"<>""") -> #REF! | Q7: =SUMIFS(INDIRECT("t_"&C7&"[up]"),INDIRECT("t_"&C7&"[up]"),"<>""") -> #REF! | R7: =SUMIFS(INDIRECT("t_"&C7&"[bp]"),INDIRECT("t_"&C7&"[bp]"),"<>""") -> #REF! | S7: =COUNTIF(#REF!,S4) -> #REF! | T7: =COUNTIF(#REF!,T4) -> #REF! | U7: =COUNTIF(#REF!,U4) -> #REF! | V7: =COUNTIF(INDIRECT("t_"&$C7&"[Rank]"),">0") -> #REF! | W7: =(960*$V7)-SUM(P7:R7) -> #REF! | X7: =(SUM(INDIRECT("t_"&C7&"[Straff]"))/50)*-1 -> #REF!
C8: KAF | D8: =SUMIFS(INDIRECT("t_"&C8&"[tp]"),INDIRECT("t_"&C8&"[tp]"),"<>""")+X8 -> #REF! | E8: =AVERAGE(INDIRECT("t_"&C8&"[Rank]")) -> #REF! | F8: =COUNTIF(#REF!,F$4) -> #REF! | G8: =COUNTIF(#REF!,G$4) -> #REF! | H8: =COUNTIF(#REF!,H$4) -> #REF! | I8: =COUNTIF(#REF!,I$4) -> #REF! | J8: =COUNTIF(#REF!,J$4) -> #REF! | K8: =COUNTIF(#REF!,K$4) -> #REF! | L8: =COUNTIF(#REF!,L$4) -> #REF! | M8: =COUNTIF(#REF!,M$4) -> #REF! | N8: =(SUM(INDIRECT("t_"&C8&"[Straff]"))/50)*-1 -> #REF! | O8: =_xlfn.RANK.EQ(D8,$D$5:$D$13) -> #REF! | P8: =SUMIFS(INDIRECT("t_"&C8&"[hp]"),INDIRECT("t_"&C8&"[hp]"),"<>""") -> #REF! | Q8: =SUMIFS(INDIRECT("t_"&C8&"[up]"),INDIRECT("t_"&C8&"[up]"),"<>""") -> #REF! | R8: =SUMIFS(INDIRECT("t_"&C8&"[bp]"),INDIRECT("t_"&C8&"[bp]"),"<>""") -> #REF! | S8: =COUNTIF(#REF!,S4) -> #REF! | T8: =COUNTIF(#REF!,T4) -> #REF! | U8: =COUNTIF(#REF!,U4) -> #REF! | V8: =COUNTIF(INDIRECT("t_"&$C8&"[Rank]"),">0") -> #REF! | W8: =(960*$V8)-SUM(P8:R8) -> #REF! | X8: =(SUM(INDIRECT("t_"&C8&"[Straff]"))/50)*-1 -> #REF!
C9: ØG | D9: =SUMIFS(INDIRECT("t_"&C9&"[tp]"),INDIRECT("t_"&C9&"[tp]"),"<>""")+X9 -> #REF! | E9: =AVERAGE(INDIRECT("t_"&C9&"[Rank]")) -> #REF! | F9: =COUNTIF(#REF!,F$4) -> #REF! | G9: =COUNTIF(#REF!,G$4) -> #REF! | H9: =COUNTIF(#REF!,H$4) -> #REF! | I9: =COUNTIF(#REF!,I$4) -> #REF! | J9: =COUNTIF(#REF!,J$4) -> #REF! | K9: =COUNTIF(#REF!,K$4) -> #REF! | L9: =COUNTIF(#REF!,L$4) -> #REF! | M9: =COUNTIF(#REF!,M$4) -> #REF! | N9: =(SUM(INDIRECT("t_"&C9&"[Straff]"))/50)*-1 -> #REF! | O9: =_xlfn.RANK.EQ(D9,$D$5:$D$13) -> #REF! | P9: =SUMIFS(INDIRECT("t_"&C9&"[hp]"),INDIRECT("t_"&C9&"[hp]"),"<>""") -> #REF! | Q9: =SUMIFS(INDIRECT("t_"&C9&"[up]"),INDIRECT("t_"&C9&"[up]"),"<>""") -> #REF! | R9: =SUMIFS(INDIRECT("t_"&C9&"[bp]"),INDIRECT("t_"&C9&"[bp]"),"<>""") -> #REF! | S9: =COUNTIF(#REF!,S4) -> #REF! | T9: =COUNTIF(#REF!,T4) -> #REF! | U9: =COUNTIF(#REF!,U4) -> #REF! | V9: =COUNTIF(INDIRECT("t_"&$C9&"[Rank]"),">0") -> #REF! | W9: =(960*$V9)-SUM(P9:R9) -> #REF! | X9: =(SUM(INDIRECT("t_"&C9&"[Straff]"))/50)*-1 -> #REF!
C10: JH | D10: =SUMIFS(INDIRECT("t_"&C10&"[tp]"),INDIRECT("t_"&C10&"[tp]"),"<>""")+X10 -> #REF! | E10: =AVERAGE(INDIRECT("t_"&C10&"[Rank]")) -> #REF! | F10: =COUNTIF(#REF!,F$4) -> #REF! | G10: =COUNTIF(#REF!,G$4) -> #REF! | H10: =COUNTIF(#REF!,H$4) -> #REF! | I10: =COUNTIF(#REF!,I$4) -> #REF! | J10: =COUNTIF(#REF!,J$4) -> #REF! | K10: =COUNTIF(#REF!,K$4) -> #REF! | L10: =COUNTIF(#REF!,L$4) -> #REF! | M10: =COUNTIF(#REF!,M$4) -> #REF! | N10: =(SUM(INDIRECT("t_"&C10&"[Straff]"))/50)*-1 -> #REF! | O10: =_xlfn.RANK.EQ(D10,$D$5:$D$13) -> #REF! | P10: =SUMIFS(INDIRECT("t_"&C10&"[hp]"),INDIRECT("t_"&C10&"[hp]"),"<>""") -> #REF! | Q10: =SUMIFS(INDIRECT("t_"&C10&"[up]"),INDIRECT("t_"&C10&"[up]"),"<>""") -> #REF! | R10: =SUMIFS(INDIRECT("t_"&C10&"[bp]"),INDIRECT("t_"&C10&"[bp]"),"<>""") -> #REF! | S10: =COUNTIF(#REF!,S4) -> #REF! | T10: =COUNTIF(#REF!,T4) -> #REF! | U10: =COUNTIF(#REF!,U4) -> #REF! | V10: =COUNTIF(INDIRECT("t_"&$C10&"[Rank]"),">0") -> #REF! | W10: =(960*$V10)-SUM(P10:R10) -> #REF! | X10: =(SUM(INDIRECT("t_"&C10&"[Straff]"))/50)*-1 -> #REF!
C11: TOH | D11: =SUMIFS(INDIRECT("t_"&C11&"[tp]"),INDIRECT("t_"&C11&"[tp]"),"<>""")+X11 -> #REF! | E11: =AVERAGE(INDIRECT("t_"&C11&"[Rank]")) -> #REF! | F11: =COUNTIF(#REF!,F$4) -> #REF! | G11: =COUNTIF(#REF!,G$4) -> #REF! | H11: =COUNTIF(#REF!,H$4) -> #REF! | I11: =COUNTIF(#REF!,I$4) -> #REF! | J11: =COUNTIF(#REF!,J$4) -> #REF! | K11: =COUNTIF(#REF!,K$4) -> #REF! | L11: =COUNTIF(#REF!,L$4) -> #REF! | M11: =COUNTIF(#REF!,M$4) -> #REF! | N11: =(SUM(INDIRECT("t_"&C11&"[Straff]"))/50)*-1 -> #REF! | O11: =_xlfn.RANK.EQ(D11,$D$5:$D$13) -> #REF! | P11: =SUMIFS(INDIRECT("t_"&C11&"[hp]"),INDIRECT("t_"&C11&"[hp]"),"<>""") -> #REF! | Q11: =SUMIFS(INDIRECT("t_"&C11&"[up]"),INDIRECT("t_"&C11&"[up]"),"<>""") -> #REF! | R11: =SUMIFS(INDIRECT("t_"&C11&"[bp]"),INDIRECT("t_"&C11&"[bp]"),"<>""") -> #REF! | S11: =COUNTIF(#REF!,S4) -> #REF! | T11: =COUNTIF(#REF!,T4) -> #REF! | U11: =COUNTIF(#REF!,U4) -> #REF! | V11: =COUNTIF(INDIRECT("t_"&$C11&"[Rank]"),">0") -> #REF! | W11: =(960*$V11)-SUM(P11:R11) -> #REF! | X11: =(SUM(INDIRECT("t_"&C11&"[Straff]"))/50)*-1 -> #REF!
C12: UTG | D12: =SUMIFS(INDIRECT("t_"&C12&"[tp]"),INDIRECT("t_"&C12&"[tp]"),"<>""")+X12 -> #REF! | E12: =AVERAGE(INDIRECT("t_"&C12&"[Rank]")) -> #REF! | F12: =COUNTIF(#REF!,F$4) -> #REF! | G12: =COUNTIF(#REF!,G$4) -> #REF! | H12: =COUNTIF(#REF!,H$4) -> #REF! | I12: =COUNTIF(#REF!,I$4) -> #REF! | J12: =COUNTIF(#REF!,J$4) -> #REF! | K12: =COUNTIF(#REF!,K$4) -> #REF! | L12: =COUNTIF(#REF!,L$4) -> #REF! | M12: =COUNTIF(#REF!,M$4) -> #REF! | N12: =(SUM(INDIRECT("t_"&C12&"[Straff]"))/50)*-1 -> #REF! | O12: =_xlfn.RANK.EQ(D12,$D$5:$D$13) -> #REF! | P12: =SUMIFS(INDIRECT("t_"&C12&"[hp]"),INDIRECT("t_"&C12&"[hp]"),"<>""") -> #REF! | Q12: =SUMIFS(INDIRECT("t_"&C12&"[up]"),INDIRECT("t_"&C12&"[up]"),"<>""") -> #REF! | R12: =SUMIFS(INDIRECT("t_"&C12&"[bp]"),INDIRECT("t_"&C12&"[bp]"),"<>""") -> #REF! | S12: =COUNTIF(#REF!,S4) -> #REF! | T12: =COUNTIF(#REF!,T4) -> #REF! | U12: =COUNTIF(#REF!,U4) -> #REF! | V12: =COUNTIF(INDIRECT("t_"&$C12&"[Rank]"),">0") -> #REF! | W12: =(960*$V12)-SUM(P12:R12) -> #REF! | X12: =(SUM(INDIRECT("t_"&C12&"[Straff]"))/50)*-1 -> #REF!
C13: LEV | D13: =SUMIFS(INDIRECT("t_"&C13&"[tp]"),INDIRECT("t_"&C13&"[tp]"),"<>""")+X13 -> #REF! | E13: =AVERAGE(INDIRECT("t_"&C13&"[Rank]")) -> #REF! | F13: =COUNTIF(#REF!,F$4) -> #REF! | G13: =COUNTIF(#REF!,G$4) -> #REF! | H13: =COUNTIF(#REF!,H$4) -> #REF! | I13: =COUNTIF(#REF!,I$4) -> #REF! | J13: =COUNTIF(#REF!,J$4) -> #REF! | K13: =COUNTIF(#REF!,K$4) -> #REF! | L13: =COUNTIF(#REF!,L$4) -> #REF! | M13: =COUNTIF(#REF!,M$4) -> #REF! | N13: =(SUM(INDIRECT("t_"&C13&"[Straff]"))/50)*-1 -> #REF! | O13: =_xlfn.RANK.EQ(D13,$D$5:$D$13) -> #REF! | P13: =SUMIFS(INDIRECT("t_"&C13&"[hp]"),INDIRECT("t_"&C13&"[hp]"),"<>""") -> #REF! | Q13: =SUMIFS(INDIRECT("t_"&C13&"[up]"),INDIRECT("t_"&C13&"[up]"),"<>""") -> #REF! | R13: =SUMIFS(INDIRECT("t_"&C13&"[bp]"),INDIRECT("t_"&C13&"[bp]"),"<>""") -> #REF! | S13: =COUNTIF(#REF!,S4) -> #REF! | T13: =COUNTIF(#REF!,T4) -> #REF! | U13: =COUNTIF(#REF!,U4) -> #REF! | V13: =COUNTIF(INDIRECT("t_"&$C13&"[Rank]"),">0") -> #REF! | W13: =(960*$V13)-SUM(P13:R13) -> #REF! | X13: =(SUM(INDIRECT("t_"&C13&"[Straff]"))/50)*-1 -> #REF!
P15: Max poeng | Q15: Poenghøst | R15: Poengtap
P16: =960*3*SUM($V$5:$V$13) -> #REF! | Q16: =SUM($P$5:$R$13) -> #REF! | R16: =P16-Q16 -> #REF! | S16: 80
O17: % | P17: {=$P$16:P$16/P$16*100} -> #REF! | Q17: =Q16/P16*100 -> #REF! | R17: =R16/P16*100 -> #REF! | S17: %
R18: ="Trefftabell "&TEXT('Heder & Ære'!$C$4,"dddd, dd.mm.åååå") -> Trefftabell lørdag, 00.01.1900

Sheet Hovedtabell
A1: Navn | B1: hp | C1: up | D1: bp | E1: straff | F1: tp | G1: Summert | H1: 12 Antall | I1: 11 Antall | J1: 10 Antall | K1: 12 poeng | L1: 11 poeng | M1: 10 poeng | N1: LEV-Poeng | O1: Totalt
A2: UTG | B2: 9425 | C2: 0 | D2: 4047 | E2: 0 | F2: 13472 | G2: 13472 | H2: 0 | I2: 0 | J2: 1 | K2: 0 | L2: 0 | M2: 58 | N2: 58 | O2: 13530
A3: EB | B3: 8060 | C3: 1554 | D3: 3621 | E3: 0 | F3: 13235 | G3: 13235 | H3: 0 | I3: 0 | J3: 0 | K3: 0 | L3: 0 | M3: 0 | N3: 0 | O3: 13235
A4: ØG | B4: 8970 | C4: 0 | D4: 3550 | E4: -50 | F4: 12470 | G4: 12470 | H4: 0 | I4: 0 | J4: 2 | K4: 0 | L4: 0 | M4: 116 | N4: 116 | O4: 12586
A5: KAF | B5: 7670 | C5: 444 | D5: 4473 | E5: -50 | F5: 12537 | G5: 12537 | H5: 0 | I5: 0 | J5: 0 | K5: 0 | L5: 0 | M5: 0 | N5: 0 | O5: 12537
A6: RB | B6: 8905 | C6: 296 | D6: 3337 | E6: -100 | F6: 12438 | G6: 12438 | H6: 0 | I6: 0 | J6: 0 | K6: 0 | L6: 0 | M6: 0 | N6: 0 | O6: 12438
A7: LEV | B7: 8320 | C7: 592 | D7: 3479 | E7: 0 | F7: 12391 | G7: 12391 | H7: 0 | I7: 0 | J7: 0 | K7: 0 | L7: 0 | M7: 0 | N7: 0 | O7: 12391
A8: TOH | B8: 8190 | C8: 814 | D8: 3479 | E8: -500 | F8: 11983 | G8: 11983 | H8: 0 | I8: 1 | J8: 1 | K8: 0 | L8: 161 | M8: 58 | N8: 219 | O8: 12202
A9: AHH | B9: 8970 | C9: 740 | D9: 2130 | E9: 0 | F9: 11840 | G9: 11840 | H9: 0 | I9: 0 | J9: 1 | K9: 0 | L9: 0 | M9: 58 | N9: 58 | O9: 11898
A10: JH | B10: 6045 | C10: 1036 | D10: 4473 | E10: -50 | F10: 11504 | G10: 11504 | H10: 0 | I10: 0 | J10: 0 | K10: 0 | L10: 0 | M10: 0 | N10: 0 | O10: 11504

Sheet Analyse
D2: 80 | N2: 70 | X2: 60 | AH2: 50 | AR2: 40 | BB2: 30 | BL2: 20 | BV2: 10
D3: Antall | N3: Antall | X3: Antall | AH3: Antall | AR3: Antall | BB3: Antall | BL3: Antall | BV3: Antall
D4: H | E4: Leverte | F4: %-treff | G4: U | H4: Leverte | I4: %-treff | J4: B | K4: Leverte | L4: %-treff | N4: H | O4: Leverte | P4: %-treff | Q4: U | R4: Leverte | S4: %-treff | T4: B | U4: Leverte | V4: %-treff | X4: H | Y4: Leverte | Z4: %-treff | AA4: U | AB4: Leverte | AC4: %-treff | AD4: B | AE4: Leverte | AF4: %-treff | AH4: H | AI4: Leverte | AJ4: %-treff | AK4: U | AL4: Leverte | AM4: %-treff | AN4: B | AO4: Leverte | AP4: %-treff | AR4: H | AS4: Leverte | AT4: %-treff | AU4: U | AV4: Leverte | AW4: %-treff | AX4: B | AY4: Leverte | AZ4: %-treff | BB4: H | BC4: Leverte | BD4: %-treff | BE4: U | BF4: Leverte | BG4: %-treff | BH4: B | BI4: Leverte | BJ4: %-treff | BL4: H | BM4: Leverte | BN4: %-treff | BO4: U | BP4: Leverte | BQ4: %-treff | BR4: B | BS4: Leverte | BT4: %-treff | BV4: H | BW4: Leverte | BX4: %-treff | BY4: U | BZ4: Leverte | CA4: %-treff | CB4: B | CC4: Leverte | CD4: %-treff
C5: RB | D5: =IFERROR(COUNTIF(#REF!,D$2),0) -> 0 | E5: =IFERROR(COUNTIF(#REF!,Analyse!D$2),0) -> 0 | F5: =IFERROR(D5/E5,0) -> 0 | G5: =IFERROR(COUNTIF(#REF!,D$2),0) -> 0 | H5: =IFERROR(COUNTIF(#REF!,Analyse!D$2),0) -> 0 | I5: =IFERROR(G5/H5,0) -> 0 | J5: =IFERROR(COUNTIF(#REF!,D$2),0) -> 0 | K5: =IFERROR(COUNTIF(#REF!,Analyse!D$2),0) -> 0 | L5: =IFERROR(J5/K5,0) -> 0 | M5: RB | N5: =IFERROR(COUNTIF(#REF!,N$2),0) -> 0 | O5: =IFERROR(COUNTIF(#REF!,Analyse!N$2),0) -> 0 | P5: =IFERROR(N5/O5,0) -> 0 | Q5: =IFERROR(COUNTIF(#REF!,N$2),0) -> 0 | R5: =IFERROR(COUNTIF(#REF!,Analyse!N$2),0) -> 0 | S5: =IFERROR(Q5/R5,0) -> 0 | T5: =IFERROR(COUNTIF(#REF!,N$2),0) -> 0 | U5: =IFERROR(COUNTIF(#REF!,Analyse!N$2),0) -> 0 | V5: =IFERROR(T5/U5,0) -> 0 | W5: AHH | X5: =IFERROR(COUNTIF(#REF!,X$2),0) -> 0 | Y5: =IFERROR(COUNTIF(#REF!,Analyse!X$2),0) -> 0 | Z5: =IFERROR(X5/Y5,0) -> 0 | AA5: =IFERROR(COUNTIF(#REF!,X$2),0) -> 0 | AB5: =IFERROR(COUNTIF(#REF!,Analyse!X$2),0) -> 0 | AC5: =IFERROR(AA5/AB5,0) -> 0 | AD5: =IFERROR(COUNTIF(#REF!,X$2),0) -> 0 | AE5: =IFERROR(COUNTIF(#REF!,Analyse!X$2),0) -> 0 | AF5: =IFERROR(AD5/AE5,0) -> 0 | AG5: JH | AH5: =IFERROR(COUNTIF(#REF!,AH$2),0) -> 0 | AI5: =IFERROR(COUNTIF(#REF!,Analyse!AH$2),0) -> 0 | AJ5: =IFERROR(AH5/AI5,0) -> 0 | AK5: =IFERROR(COUNTIF(#REF!,AH$2),0) -> 0 | AL5: =IFERROR(COUNTIF(#REF!,Analyse!AH$2),0) -> 0 | AM5: =IFERROR(AK5/AL5,0) -> 0 | AN5: =IFERROR(COUNTIF(#REF!,AH$2),0) -> 0 | AO5: =IFERROR(COUNTIF(#REF!,Analyse!AH$2),0) -> 0 | AP5: =IFERROR(AN5/AO5,0) -> 0 | AQ5: TOH | AR5: =IFERROR(COUNTIF(#REF!,AR$2),0) -> 0 | AS5: =IFERROR(COUNTIF(#REF!,Analyse!AR$2),0) -> 0 | AT5: =IFERROR(AR5/AS5,0) -> 0 | AU5: =IFERROR(COUNTIF(#REF!,AR$2),0) -> 0 | AV5: =IFERROR(COUNTIF(#REF!,Analyse!AR$2),0) -> 0 | AW5: =IFERROR(AU5/AV5,0) -> 0 | AX5: =IFERROR(COUNTIF(#REF!,AR$2),0) -> 0 | AY5: =IFERROR(COUNTIF(#REF!,Analyse!AR$2),0) -> 0 | AZ5: =IFERROR(AX5/AY5,0) -> 0 | BA5: EB | BB5: =IFERROR(COUNTIF(#REF!,BB$2),0) -> 0 | BC5: =IFERROR(COUNTIF(#REF!,Analyse!BB$2),0) -> 0 | BD5: =IFERROR(BB5/BC5,0) -> 0 | BE5: =IFERROR(COUNTIF(#REF!,BB$2),0) -> 0 | BF5: =IFERROR(COUNTIF(#REF!,Analyse!BB$2),0) -> 0 | BG5: =IFERROR(BE5/BF5,0) -> 0 | BH5: =IFERROR(COUNTIF(#REF!,BB$2),0) -> 0 | BI5: =IFERROR(COUNTIF(#REF!,Analyse!BB$2),0) -> 0 | BJ5: =IFERROR(BH5/BI5,0) -> 0 | BK5: KAF | BL5: =IFERROR(COUNTIF(#REF!,BL$2),0) -> 0 | BM5: =IFERROR(COUNTIF(#REF!,Analyse!BL$2),0) -> 0 | BN5: =IFERROR(BL5/BM5,0) -> 0 | BO5: =IFERROR(COUNTIF(#REF!,BL$2),0) -> 0 | BP5: =IFERROR(COUNTIF(#REF!,Analyse!BL$2),0) -> 0 | BQ5: =IFERROR(BO5/BP5,0) -> 0 | BR5: =IFERROR(COUNTIF(#REF!,BL$2),0) -> 0 | BS5: =IFERROR(COUNTIF(#REF!,Analyse!BL$2),0) -> 0 | BT5: =IFERROR(BR5/BS5,0) -> 0 | BU5: AHH | BV5: =IFERROR(COUNTIF(#REF!,BV$2),0) -> 0 | BW5: =IFERROR(COUNTIF(#REF!,Analyse!BV$2),0) -> 0 | BX5: =IFERROR(BV5/BW5,0) -> 0 | BY5: =IFERROR(COUNTIF(#REF!,BV$2),0) -> 0 | BZ5: =IFERROR(COUNTIF(#REF!,Analyse!BV$2),0) -> 0 | CA5: =IFERROR(BY5/BZ5,0) -> 0 | CB5: =IFERROR(COUNTIF(#REF!,BV$2),0) -> 0 | CC5: =IFERROR(COUNTIF(#REF!,Analyse!BV$2),0) -> 0 | CD5: =IFERROR(CB5/CC5,0) -> 0
C6: TOH | D6: =IFERROR(COUNTIF(#REF!,D$2),0) -> 0 | E6: =IFERROR(COUNTIF(#REF!,Analyse!D$2),0) -> 0 | F6: =IFERROR(D6/E6,0) -> 0 | G6: =IFERROR(COUNTIF(#REF!,D$2),0) -> 0 | H6: =IFERROR(COUNTIF(#REF!,Analyse!D$2),0) -> 0 | I6: =IFERROR(G6/H6,0) -> 0 | J6: =IFERROR(COUNTIF(#REF!,D$2),0) -> 0 | K6: =IFERROR(COUNTIF(#REF!,Analyse!D$2),0) -> 0 | L6: =IFERROR(J6/K6,0) -> 0 | M6: KAF | N6: =IFERROR(COUNTIF(#REF!,N$2),0) -> 0 | O6: =IFERROR(COUNTIF(#REF!,Analyse!N$2),0) -> 0 | P6: =IFERROR(N6/O6,0) -> 0 | Q6: =IFERROR(COUNTIF(#REF!,N$2),0) -> 0 | R6: =IFERROR(COUNTIF(#REF!,Analyse!N$2),0) -> 0 | S6: =IFERROR(Q6/R6,0) -> 0 | T6: =IFERROR(COUNTIF(#REF!,N$2),0) -> 0 | U6: =IFERROR(COUNTIF(#REF!,Analyse!N$2),0) -> 0 | V6: =IFERROR(T6/U6,0) -> 0 | W6: EB | X6: =IFERROR(COUNTIF(#REF!,X$2),0) -> 0 | Y6: =IFERROR(COUNTIF(#REF!,Analyse!X$2),0) -> 0 | Z6: =IFERROR(X6/Y6,0) -> 0 | AA6: =IFERROR(COUNTIF(#REF!,X$2),0) -> 0 | AB6: =IFERROR(COUNTIF(#REF!,Analyse!X$2),0) -> 0 | AC6: =IFERROR(AA6/AB6,0) -> 0 | AD6: =IFERROR(COUNTIF(#REF!,X$2),0) -> 0 | AE6: =IFERROR(COUNTIF(#REF!,Analyse!X$2),0) -> 0 | AF6: =IFERROR(AD6/AE6,0) -> 0 | AG6: EB | AH6: =IFERROR(COUNTIF(#REF!,AH$2),0) -> 0 | AI6: =IFERROR(COUNTIF(#REF!,Analyse!AH$2),0) -> 0 | AJ6: =IFERROR(AH6/AI6,0) -> 0 | AK6: =IFERROR(COUNTIF(#REF!,AH$2),0) -> 0 | AL6: =IFERROR(COUNTIF(#REF!,Analyse!AH$2),0) -> 0 | AM6: =IFERROR(AK6/AL6,0) -> 0 | AN6: =IFERROR(COUNTIF(#REF!,AH$2),0) -> 0 | AO6: =IFERROR(COUNTIF(#REF!,Analyse!AH$2),0) -> 0 | AP6: =IFERROR(AN6/AO6,0) -> 0 | AQ6: ØG | AR6: =IFERROR(COUNTIF(#REF!,AR$2),0) -> 0 | AS6: =IFERROR(COUNTIF(#REF!,Analyse!AR$2),0) -> 0 | AT6: =IFERROR(AR6/AS6,0) -> 0 | AU6: =IFERROR(COUNTIF(#REF!,AR$2),0) -> 0 | AV6: =IFERROR(COUNTIF(#REF!,Analyse!AR$2),0) -> 0 | AW6: =IFERROR(AU6/AV6,0) -> 0 | AX6: =IFERROR(COUNTIF(#REF!,AR$2),0) -> 0 | AY6: =IFERROR(COUNTIF(#REF!,Analyse!AR$2),0) -> 0 | AZ6: =IFERROR(AX6/AY6,0) -> 0 | BA6: ØG | BB6: =IFERROR(COUNTIF(#REF!,BB$2),0) -> 0 | BC6: =IFERROR(COUNTIF(#REF!,Analyse!BB$2),0) -> 0 | BD6: =IFERROR(BB6/BC6,0) -> 0 | BE6: =IFERROR(COUNTIF(#REF!,BB$2),0) -> 0 | BF6: =IFERROR(COUNTIF(#REF!,Analyse!BB$2),0) -> 0 | BG6: =IFERROR(BE6/BF6,0) -> 0 | BH6: =IFERROR(COUNTIF(#REF!,BB$2),0) -> 0 | BI6: =IFERROR(COUNTIF(#REF!,Analyse!BB$2),0) -> 0 | BJ6: =IFERROR(BH6/BI6,0) -> 0 | BK6: RB | BL6: =IFERROR(COUNTIF(#REF!,BL$2),0) -> 0 | BM6: =IFERROR(COUNTIF(#REF!,Analyse!BL$2),0) -> 0 | BN6: =IFERROR(BL6/BM6,0) -> 0 | BO6: =IFERROR(COUNTIF(#REF!,BL$2),0) -> 0 | BP6: =IFERROR(COUNTIF(#REF!,Analyse!BL$2),0) -> 0 | BQ6: =IFERROR(BO6/BP6,0) -> 0 | BR6: =IFERROR(COUNTIF(#REF!,BL$2),0) -> 0 | BS6: =IFERROR(COUNTIF(#REF!,Analyse!BL$2),0) -> 0 | BT6: =IFERROR(BR6/BS6,0) -> 0 | BU6: TOH | BV6: =IFERROR(COUNTIF(#REF!,BV$2),0) -> 0 | BW6: =IFERROR(COUNTIF(#REF!,Analyse!BV$2),0) -> 0 | BX6: =IFERROR(BV6/BW6,0) -> 0 | BY6: =IFERROR(COUNTIF(#REF!,BV$2),0) -> 0 | BZ6: =IFERROR(COUNTIF(#REF!,Analyse!BV$2),0) -> 0 | CA6: =IFERROR(BY6/BZ6,0) -> 0 | CB6: =IFERROR(COUNTIF(#REF!,BV$2),0) -> 0 | CC6: =IFERROR(COUNTIF(#REF!,Analyse!BV$2),0) -> 0 | CD6: =IFERROR(CB6/CC6,0) -> 0
C7: EB | D7: =IFERROR(COUNTIF(#REF!,D$2),0) -> 0 | E7: =IFERROR(COUNTIF(#REF!,Analyse!D$2),0) -> 0 | F7: =IFERROR(D7/E7,0) -> 0 | G7: =IFERROR(COUNTIF(#REF!,D$2),0) -> 0 | H7: =IFERROR(COUNTIF(#REF!,Analyse!D$2),0) -> 0 | I7: =IFERROR(G7/H7,0) -> 0 | J7: =IFERROR(COUNTIF(#REF!,D$2),0) -> 0 | K7: =IFERROR(COUNTIF(#REF!,Analyse!D$2),0) -> 0 | L7: =IFERROR(J7/K7,0) -> 0 | M7: ØG | N7: =IFERROR(COUNTIF(#REF!,N$2),0) -> 0 | O7: =IFERROR(COUNTIF(#REF!,Analyse!N$2),0) -> 0 | P7: =IFERROR(N7/O7,0) -> 0 | Q7: =IFERROR(COUNTIF(#REF!,N$2),0) -> 0 | R7: =IFERROR(COUNTIF(#REF!,Analyse!N$2),0) -> 0 | S7: =IFERROR(Q7/R7,0) -> 0 | T7: =IFERROR(COUNTIF(#REF!,N$2),0) -> 0 | U7: =IFERROR(COUNTIF(#REF!,Analyse!N$2),0) -> 0 | V7: =IFERROR(T7/U7,0) -> 0 | W7: JH | X7: =IFERROR(COUNTIF(#REF!,X$2),0) -> 0 | Y7: =IFERROR(COUNTIF(#REF!,Analyse!X$2),0) -> 0 | Z7: =IFERROR(X7/Y7,0) -> 0 | AA7: =IFERROR(COUNTIF(#REF!,X$2),0) -> 0 | AB7: =IFERROR(COUNTIF(#REF!,Analyse!X$2),0) -> 0 | AC7: =IFERROR(AA7/AB7,0) -> 0 | AD7: =IFERROR(COUNTIF(#REF!,X$2),0) -> 0 | AE7: =IFERROR(COUNTIF(#REF!,Analyse!X$2),0) -> 0 | AF7: =IFERROR(AD7/AE7,0) -> 0 | AG7: UTG | AH7: =IFERROR(COUNTIF(#REF!,AH$2),0) -> 0 | AI7: =IFERROR(COUNTIF(#REF!,Analyse!AH$2),0) -> 0 | AJ7: =IFERROR(AH7/AI7,0) -> 0 | AK7: =IFERROR(COUNTIF(#REF!,AH$2),0) -> 0 | AL7: =IFERROR(COUNTIF(#REF!,Analyse!AH$2),0) -> 0 | AM7: =IFERROR(AK7/AL7,0) -> 0 | AN7: =IFERROR(COUNTIF(#REF!,AH$2),0) -> 0 | AO7: =IFERROR(COUNTIF(#REF!,Analyse!AH$2),0) -> 0 | AP7: =IFERROR(AN7/AO7,0) -> 0 | AQ7: LEV | AR7: =IFERROR(COUNTIF(#REF!,AR$2),0) -> 0 | AS7: =IFERROR(COUNTIF(#REF!,Analyse!AR$2),0) -> 0 | AT7: =IFERROR(AR7/AS7,0) -> 0 | AU7: =IFERROR(COUNTIF(#REF!,AR$2),0) -> 0 | AV7: =IFERROR(COUNTIF(#REF!,Analyse!AR$2),0) -> 0 | AW7: =IFERROR(AU7/AV7,0) -> 0 | AX7: =IFERROR(COUNTIF(#REF!,AR$2),0) -> 0 | AY7: =IFERROR(COUNTIF(#REF!,Analyse!AR$2),0) -> 0 | AZ7: =IFERROR(AX7/AY7,0) -> 0 | BA7: TOH | BB7: =IFERROR(COUNTIF(#REF!,BB$2),0) -> 0 | BC7: =IFERROR(COUNTIF(#REF!,Analyse!BB$2),0) -> 0 | BD7: =IFERROR(BB7/BC7,0) -> 0 | BE7: =IFERROR(COUNTIF(#REF!,BB$2),0) -> 0 | BF7: =IFERROR(COUNTIF(#REF!,Analyse!BB$2),0) -> 0 | BG7: =IFERROR(BE7/BF7,0) -> 0 | BH7: =IFERROR(COUNTIF(#REF!,BB$2),0) -> 0 | BI7: =IFERROR(COUNTIF(#REF!,Analyse!BB$2),0) -> 0 | BJ7: =IFERROR(BH7/BI7,0) -> 0 | BK7: LEV | BL7: =IFERROR(COUNTIF(#REF!,BL$2),0) -> 0 | BM7: =IFERROR(COUNTIF(#REF!,Analyse!BL$2),0) -> 0 | BN7: =IFERROR(BL7/BM7,0) -> 0 | BO7: =IFERROR(COUNTIF(#REF!,BL$2),0) -> 0 | BP7: =IFERROR(COUNTIF(#REF!,Analyse!BL$2),0) -> 0 | BQ7: =IFERROR(BO7/BP7,0) -> 0 | BR7: =IFERROR(COUNTIF(#REF!,BL$2),0) -> 0 | BS7: =IFERROR(COUNTIF(#REF!,Analyse!BL$2),0) -> 0 | BT7: =IFERROR(BR7/BS7,0) -> 0 | BU7: JH | BV7: =IFERROR(COUNTIF(#REF!,BV$2),0) -> 0 | BW7: =IFERROR(COUNTIF(#REF!,Analyse!BV$2),0) -> 0 | BX7: =IFERROR(BV7/BW7,0) -> 0 | BY7: =IFERROR(COUNTIF(#REF!,BV$2),0) -> 0 | BZ7: =IFERROR(COUNTIF(#REF!,Analyse!BV$2),0) -> 0 | CA7: =IFERROR(BY7/BZ7,0) -> 0 | CB7: =IFERROR(COUNTIF(#REF!,BV$2),0) -> 0 | CC7: =IFERROR(COUNTIF(#REF!,Analyse!BV$2),0) -> 0 | CD7: =IFERROR(CB7/CC7,0) -> 0
C8: AHH | D8: =IFERROR(COUNTIF(#REF!,D$2),0) -> 0 | E8: =IFERROR(COUNTIF(#REF!,Analyse!D$2),0) -> 0 | F8: =IFERROR(D8/E8,0) -> 0 | G8: =IFERROR(COUNTIF(#REF!,D$2),0) -> 0 | H8: =IFERROR(COUNTIF(#REF!,Analyse!D$2),0) -> 0 | I8: =IFERROR(G8/H8,0) -> 0 | J8: =IFERROR(COUNTIF(#REF!,D$2),0) -> 0 | K8: =IFERROR(COUNTIF(#REF!,Analyse!D$2),0) -> 0 | L8: =IFERROR(J8/K8,0) -> 0 | M8: AHH | N8: =IFERROR(COUNTIF(#REF!,N$2),0) -> 0 | O8: =IFERROR(COUNTIF(#REF!,Analyse!N$2),0) -> 0 | P8: =IFERROR(N8/O8,0) -> 0 | Q8: =IFERROR(COUNTIF(#REF!,N$2),0) -> 0 | R8: =IFERROR(COUNTIF(#REF!,Analyse!N$2),0) -> 0 | S8: =IFERROR(Q8/R8,0) -> 0 | T8: =IFERROR(COUNTIF(#REF!,N$2),0) -> 0 | U8: =IFERROR(COUNTIF(#REF!,Analyse!N$2),0) -> 0 | V8: =IFERROR(T8/U8,0) -> 0 | W8: LEV | X8: =IFERROR(COUNTIF(#REF!,X$2),0) -> 0 | Y8: =IFERROR(COUNTIF(#REF!,Analyse!X$2),0) -> 0 | Z8: =IFERROR(X8/Y8,0) -> 0 | AA8: =IFERROR(COUNTIF(#REF!,X$2),0) -> 0 | AB8: =IFERROR(COUNTIF(#REF!,Analyse!X$2),0) -> 0 | AC8: =IFERROR(AA8/AB8,0) -> 0 | AD8: =IFERROR(COUNTIF(#REF!,X$2),0) -> 0 | AE8: =IFERROR(COUNTIF(#REF!,Analyse!X$2),0) -> 0 | AF8: =IFERROR(AD8/AE8,0) -> 0 | AG8: KAF | AH8: =IFERROR(COUNTIF(#REF!,AH$2),0) -> 0 | AI8: =IFERROR(COUNTIF(#REF!,Analyse!AH$2),0) -> 0 | AJ8: =IFERROR(AH8/AI8,0) -> 0 | AK8: =IFERROR(COUNTIF(#REF!,AH$2),0) -> 0 | AL8: =IFERROR(COUNTIF(#REF!,Analyse!AH$2),0) -> 0 | AM8: =IFERROR(AK8/AL8,0) -> 0 | AN8: =IFERROR(COUNTIF(#REF!,AH$2),0) -> 0 | AO8: =IFERROR(COUNTIF(#REF!,Analyse!AH$2),0) -> 0 | AP8: =IFERROR(AN8/AO8,0) -> 0 | AQ8: KAF | AR8: =IFERROR(COUNTIF(#REF!,AR$2),0) -> 0 | AS8: =IFERROR(COUNTIF(#REF!,Analyse!AR$2),0) -> 0 | AT8: =IFERROR(AR8/AS8,0) -> 0 | AU8: =IFERROR(COUNTIF(#REF!,AR$2),0) -> 0 | AV8: =IFERROR(COUNTIF(#REF!,Analyse!AR$2),0) -> 0 | AW8: =IFERROR(AU8/AV8,0) -> 0 | AX8: =IFERROR(COUNTIF(#REF!,AR$2),0) -> 0 | AY8: =IFERROR(COUNTIF(#REF!,Analyse!AR$2),0) -> 0 | AZ8: =IFERROR(AX8/AY8,0) -> 0 | BA8: AHH | BB8: =IFERROR(COUNTIF(#REF!,BB$2),0) -> 0 | BC8: =IFERROR(COUNTIF(#REF!,Analyse!BB$2),0) -> 0 | BD8: =IFERROR(BB8/BC8,0) -> 0 | BE8: =IFERROR(COUNTIF(#REF!,BB$2),0) -> 0 | BF8: =IFERROR(COUNTIF(#REF!,Analyse!BB$2),0) -> 0 | BG8: =IFERROR(BE8/BF8,0) -> 0 | BH8: =IFERROR(COUNTIF(#REF!,BB$2),0) -> 0 | BI8: =IFERROR(COUNTIF(#REF!,Analyse!BB$2),0) -> 0 | BJ8: =IFERROR(BH8/BI8,0) -> 0 | BK8: UTG | BL8: =IFERROR(COUNTIF(#REF!,BL$2),0) -> 0 | BM8: =IFERROR(COUNTIF(#REF!,Analyse!BL$2),0) -> 0 | BN8: =IFERROR(BL8/BM8,0) -> 0 | BO8: =IFERROR(COUNTIF(#REF!,BL$2),0) -> 0 | BP8: =IFERROR(COUNTIF(#REF!,Analyse!BL$2),0) -> 0 | BQ8: =IFERROR(BO8/BP8,0) -> 0 | BR8: =IFERROR(COUNTIF(#REF!,BL$2),0) -> 0 | BS8: =IFERROR(COUNTIF(#REF!,Analyse!BL$2),0) -> 0 | BT8: =IFERROR(BR8/BS8,0) -> 0 | BU8: KAF | BV8: =IFERROR(COUNTIF(#REF!,BV$2),0) -> 0 | BW8: =IFERROR(COUNTIF(#REF!,Analyse!BV$2),0) -> 0 | BX8: =IFERROR(BV8/BW8,0) -> 0 | BY8: =IFERROR(COUNTIF(#REF!,BV$2),0) -> 0 | BZ8: =IFERROR(COUNTIF(#REF!,Analyse!BV$2),0) -> 0 | CA8: =IFERROR(BY8/BZ8,0) -> 0 | CB8: =IFERROR(COUNTIF(#REF!,BV$2),0) -> 0 | CC8: =IFERROR(COUNTIF(#REF!,Analyse!BV$2),0) -> 0 | CD8: =IFERROR(CB8/CC8,0) -> 0
C9: UTG | D9: =IFERROR(COUNTIF(#REF!,D$2),0) -> 0 | E9: =IFERROR(COUNTIF(#REF!,Analyse!D$2),0) -> 0 | F9: =IFERROR(D9/E9,0) -> 0 | G9: =IFERROR(COUNTIF(#REF!,D$2),0) -> 0 | H9: =IFERROR(COUNTIF(#REF!,Analyse!D$2),0) -> 0 | I9: =IFERROR(G9/H9,0) -> 0 | J9: =IFERROR(COUNTIF(#REF!,D$2),0) -> 0 | K9: =IFERROR(COUNTIF(#REF!,Analyse!D$2),0) -> 0 | L9: =IFERROR(J9/K9,0) -> 0 | M9: LEV | N9: =IFERROR(COUNTIF(#REF!,N$2),0) -> 0 | O9: =IFERROR(COUNTIF(#REF!,Analyse!N$2),0) -> 0 | P9: =IFERROR(N9/O9,0) -> 0 | Q9: =IFERROR(COUNTIF(#REF!,N$2),0) -> 0 | R9: =IFERROR(COUNTIF(#REF!,Analyse!N$2),0) -> 0 | S9: =IFERROR(Q9/R9,0) -> 0 | T9: =IFERROR(COUNTIF(#REF!,N$2),0) -> 0 | U9: =IFERROR(COUNTIF(#REF!,Analyse!N$2),0) -> 0 | V9: =IFERROR(T9/U9,0) -> 0 | W9: UTG | X9: =IFERROR(COUNTIF(#REF!,X$2),0) -> 0 | Y9: =IFERROR(COUNTIF(#REF!,Analyse!X$2),0) -> 0 | Z9: =IFERROR(X9/Y9,0) -> 0 | AA9: =IFERROR(COUNTIF(#REF!,X$2),0) -> 0 | AB9: =IFERROR(COUNTIF(#REF!,Analyse!X$2),0) -> 0 | AC9: =IFERROR(AA9/AB9,0) -> 0 | AD9: =IFERROR(COUNTIF(#REF!,X$2),0) -> 0 | AE9: =IFERROR(COUNTIF(#REF!,Analyse!X$2),0) -> 0 | AF9: =IFERROR(AD9/AE9,0) -> 0 | AG9: LEV | AH9: =IFERROR(COUNTIF(#REF!,AH$2),0) -> 0 | AI9: =IFERROR(COUNTIF(#REF!,Analyse!AH$2),0) -> 0 | AJ9: =IFERROR(AH9/AI9,0) -> 0 | AK9: =IFERROR(COUNTIF(#REF!,AH$2),0) -> 0 | AL9: =IFERROR(COUNTIF(#REF!,Analyse!AH$2),0) -> 0 | AM9: =IFERROR(AK9/AL9,0) -> 0 | AN9: =IFERROR(COUNTIF(#REF!,AH$2),0) -> 0 | AO9: =IFERROR(COUNTIF(#REF!,Analyse!AH$2),0) -> 0 | AP9: =IFERROR(AN9/AO9,0) -> 0 | AQ9: AHH | AR9: =IFERROR(COUNTIF(#REF!,AR$2),0) -> 0 | AS9: =IFERROR(COUNTIF(#REF!,Analyse!AR$2),0) -> 0 | AT9: =IFERROR(AR9/AS9,0) -> 0 | AU9: =IFERROR(COUNTIF(#REF!,AR$2),0) -> 0 | AV9: =IFERROR(COUNTIF(#REF!,Analyse!AR$2),0) -> 0 | AW9: =IFERROR(AU9/AV9,0) -> 0 | AX9: =IFERROR(COUNTIF(#REF!,AR$2),0) -> 0 | AY9: =IFERROR(COUNTIF(#REF!,Analyse!AR$2),0) -> 0 | AZ9: =IFERROR(AX9/AY9,0) -> 0 | BA9: LEV | BB9: =IFERROR(COUNTIF(#REF!,BB$2),0) -> 0 | BC9: =IFERROR(COUNTIF(#REF!,Analyse!BB$2),0) -> 0 | BD9: =IFERROR(BB9/BC9,0) -> 0 | BE9: =IFERROR(COUNTIF(#REF!,BB$2),0) -> 0 | BF9: =IFERROR(COUNTIF(#REF!,Analyse!BB$2),0) -> 0 | BG9: =IFERROR(BE9/BF9,0) -> 0 | BH9: =IFERROR(COUNTIF(#REF!,BB$2),0) -> 0 | BI9: =IFERROR(COUNTIF(#REF!,Analyse!BB$2),0) -> 0 | BJ9: =IFERROR(BH9/BI9,0) -> 0 | BK9: ØG | BL9: =IFERROR(COUNTIF(#REF!,BL$2),0) -> 0 | BM9: =IFERROR(COUNTIF(#REF!,Analyse!BL$2),0) -> 0 | BN9: =IFERROR(BL9/BM9,0) -> 0 | BO9: =IFERROR(COUNTIF(#REF!,BL$2),0) -> 0 | BP9: =IFERROR(COUNTIF(#REF!,Analyse!BL$2),0) -> 0 | BQ9: =IFERROR(BO9/BP9,0) -> 0 | BR9: =IFERROR(COUNTIF(#REF!,BL$2),0) -> 0 | BS9: =IFERROR(COUNTIF(#REF!,Analyse!BL$2),0) -> 0 | BT9: =IFERROR(BR9/BS9,0) -> 0 | BU9: RB | BV9: =IFERROR(COUNTIF(#REF!,BV$2),0) -> 0 | BW9: =IFERROR(COUNTIF(#REF!,Analyse!BV$2),0) -> 0 | BX9: =IFERROR(BV9/BW9,0) -> 0 | BY9: =IFERROR(COUNTIF(#REF!,BV$2),0) -> 0 | BZ9: =IFERROR(COUNTIF(#REF!,Analyse!BV$2),0) -> 0 | CA9: =IFERROR(BY9/BZ9,0) -> 0 | CB9: =IFERROR(COUNTIF(#REF!,BV$2),0) -> 0 | CC9: =IFERROR(COUNTIF(#REF!,Analyse!BV$2),0) -> 0 | CD9: =IFERROR(CB9/CC9,0) -> 0
C10: LEV | D10: =IFERROR(COUNTIF(#REF!,D$2),0) -> 0 | E10: =IFERROR(COUNTIF(#REF!,Analyse!D$2),0) -> 0 | F10: =IFERROR(D10/E10,0) -> 0 | G10: =IFERROR(COUNTIF(#REF!,D$2),0) -> 0 | H10: =IFERROR(COUNTIF(#REF!,Analyse!D$2),0) -> 0 | I10: =IFERROR(G10/H10,0) -> 0 | J10: =IFERROR(COUNTIF(#REF!,D$2),0) -> 0 | K10: =IFERROR(COUNTIF(#REF!,Analyse!D$2),0) -> 0 | L10: =IFERROR(J10/K10,0) -> 0 | M10: UTG | N10: =IFERROR(COUNTIF(#REF!,N$2),0) -> 0 | O10: =IFERROR(COUNTIF(#REF!,Analyse!N$2),0) -> 0 | P10: =IFERROR(N10/O10,0) -> 0 | Q10: =IFERROR(COUNTIF(#REF!,N$2),0) -> 0 | R10: =IFERROR(COUNTIF(#REF!,Analyse!N$2),0) -> 0 | S10: =IFERROR(Q10/R10,0) -> 0 | T10: =IFERROR(COUNTIF(#REF!,N$2),0) -> 0 | U10: =IFERROR(COUNTIF(#REF!,Analyse!N$2),0) -> 0 | V10: =IFERROR(T10/U10,0) -> 0 | W10: RB | X10: =IFERROR(COUNTIF(#REF!,X$2),0) -> 0 | Y10: =IFERROR(COUNTIF(#REF!,Analyse!X$2),0) -> 0 | Z10: =IFERROR(X10/Y10,0) -> 0 | AA10: =IFERROR(COUNTIF(#REF!,X$2),0) -> 0 | AB10: =IFERROR(COUNTIF(#REF!,Analyse!X$2),0) -> 0 | AC10: =IFERROR(AA10/AB10,0) -> 0 | AD10: =IFERROR(COUNTIF(#REF!,X$2),0) -> 0 | AE10: =IFERROR(COUNTIF(#REF!,Analyse!X$2),0) -> 0 | AF10: =IFERROR(AD10/AE10,0) -> 0 | AG10: RB | AH10: =IFERROR(COUNTIF(#REF!,AH$2),0) -> 0 | AI10: =IFERROR(COUNTIF(#REF!,Analyse!AH$2),0) -> 0 | AJ10: =IFERROR(AH10/AI10,0) -> 0 | AK10: =IFERROR(COUNTIF(#REF!,AH$2),0) -> 0 | AL10: =IFERROR(COUNTIF(#REF!,Analyse!AH$2),0) -> 0 | AM10: =IFERROR(AK10/AL10,0) -> 0 | AN10: =IFERROR(COUNTIF(#REF!,AH$2),0) -> 0 | AO10: =IFERROR(COUNTIF(#REF!,Analyse!AH$2),0) -> 0 | AP10: =IFERROR(AN10/AO10,0) -> 0 | AQ10: UTG | AR10: =IFERROR(COUNTIF(#REF!,AR$2),0) -> 0 | AS10: =IFERROR(COUNTIF(#REF!,Analyse!AR$2),0) -> 0 | AT10: =IFERROR(AR10/AS10,0) -> 0 | AU10: =IFERROR(COUNTIF(#REF!,AR$2),0) -> 0 | AV10: =IFERROR(COUNTIF(#REF!,Analyse!AR$2),0) -> 0 | AW10: =IFERROR(AU10/AV10,0) -> 0 | AX10: =IFERROR(COUNTIF(#REF!,AR$2),0) -> 0 | AY10: =IFERROR(COUNTIF(#REF!,Analyse!AR$2),0) -> 0 | AZ10: =IFERROR(AX10/AY10,0) -> 0 | BA10: JH | BB10: =IFERROR(COUNTIF(#REF!,BB$2),0) -> 0 | BC10: =IFERROR(COUNTIF(#REF!,Analyse!BB$2),0) -> 0 | BD10: =IFERROR(BB10/BC10,0) -> 0 | BE10: =IFERROR(COUNTIF(#REF!,BB$2),0) -> 0 | BF10: =IFERROR(COUNTIF(#REF!,Analyse!BB$2),0) -> 0 | BG10: =IFERROR(BE10/BF10,0) -> 0 | BH10: =IFERROR(COUNTIF(#REF!,BB$2),0) -> 0 | BI10: =IFERROR(COUNTIF(#REF!,Analyse!BB$2),0) -> 0 | BJ10: =IFERROR(BH10/BI10,0) -> 0 | BK10: JH | BL10: =IFERROR(COUNTIF(#REF!,BL$2),0) -> 0 | BM10: =IFERROR(COUNTIF(#REF!,Analyse!BL$2),0) -> 0 | BN10: =IFERROR(BL10/BM10,0) -> 0 | BO10: =IFERROR(COUNTIF(#REF!,BL$2),0) -> 0 | BP10: =IFERROR(COUNTIF(#REF!,Analyse!BL$2),0) -> 0 | BQ10: =IFERROR(BO10/BP10,0) -> 0 | BR10: =IFERROR(COUNTIF(#REF!,BL$2),0) -> 0 | BS10: =IFERROR(COUNTIF(#REF!,Analyse!BL$2),0) -> 0 | BT10: =IFERROR(BR10/BS10,0) -> 0 | BU10: EB | BV10: =IFERROR(COUNTIF(#REF!,BV$2),0) -> 0 | BW10: =IFERROR(COUNTIF(#REF!,Analyse!BV$2),0) -> 0 | BX10: =IFERROR(BV10/BW10,0) -> 0 | BY10: =IFERROR(COUNTIF(#REF!,BV$2),0) -> 0 | BZ10: =IFERROR(COUNTIF(#REF!,Analyse!BV$2),0) -> 0 | CA10: =IFERROR(BY10/BZ10,0) -> 0 | CB10: =IFERROR(COUNTIF(#REF!,BV$2),0) -> 0 | CC10: =IFERROR(COUNTIF(#REF!,Analyse!BV$2),0) -> 0 | CD10: =IFERROR(CB10/CC10,0) -> 0
C11: ØG | D11: =IFERROR(COUNTIF(#REF!,D$2),0) -> 0 | E11: =IFERROR(COUNTIF(#REF!,Analyse!D$2),0) -> 0 | F11: =IFERROR(D11/E11,0) -> 0 | G11: =IFERROR(COUNTIF(#REF!,D$2),0) -> 0 | H11: =IFERROR(COUNTIF(#REF!,Analyse!D$2),0) -> 0 | I11: =IFERROR(G11/H11,0) -> 0 | J11: =IFERROR(COUNTIF(#REF!,D$2),0) -> 0 | K11: =IFERROR(COUNTIF(#REF!,Analyse!D$2),0) -> 0 | L11: =IFERROR(J11/K11,0) -> 0 | M11: JH | N11: =IFERROR(COUNTIF(#REF!,N$2),0) -> 0 | O11: =IFERROR(COUNTIF(#REF!,Analyse!N$2),0) -> 0 | P11: =IFERROR(N11/O11,0) -> 0 | Q11: =IFERROR(COUNTIF(#REF!,N$2),0) -> 0 | R11: =IFERROR(COUNTIF(#REF!,Analyse!N$2),0) -> 0 | S11: =IFERROR(Q11/R11,0) -> 0 | T11: =IFERROR(COUNTIF(#REF!,N$2),0) -> 0 | U11: =IFERROR(COUNTIF(#REF!,Analyse!N$2),0) -> 0 | V11: =IFERROR(T11/U11,0) -> 0 | W11: ØG | X11: =IFERROR(COUNTIF(#REF!,X$2),0) -> 0 | Y11: =IFERROR(COUNTIF(#REF!,Analyse!X$2),0) -> 0 | Z11: =IFERROR(X11/Y11,0) -> 0 | AA11: =IFERROR(COUNTIF(#REF!,X$2),0) -> 0 | AB11: =IFERROR(COUNTIF(#REF!,Analyse!X$2),0) -> 0 | AC11: =IFERROR(AA11/AB11,0) -> 0 | AD11: =IFERROR(COUNTIF(#REF!,X$2),0) -> 0 | AE11: =IFERROR(COUNTIF(#REF!,Analyse!X$2),0) -> 0 | AF11: =IFERROR(AD11/AE11,0) -> 0 | AG11: AHH | AH11: =IFERROR(COUNTIF(#REF!,AH$2),0) -> 0 | AI11: =IFERROR(COUNTIF(#REF!,Analyse!AH$2),0) -> 0 | AJ11: =IFERROR(AH11/AI11,0) -> 0 | AK11: =IFERROR(COUNTIF(#REF!,AH$2),0) -> 0 | AL11: =IFERROR(COUNTIF(#REF!,Analyse!AH$2),0) -> 0 | AM11: =IFERROR(AK11/AL11,0) -> 0 | AN11: =IFERROR(COUNTIF(#REF!,AH$2),0) -> 0 | AO11: =IFERROR(COUNTIF(#REF!,Analyse!AH$2),0) -> 0 | AP11: =IFERROR(AN11/AO11,0) -> 0 | AQ11: RB | AR11: =IFERROR(COUNTIF(#REF!,AR$2),0) -> 0 | AS11: =IFERROR(COUNTIF(#REF!,Analyse!AR$2),0) -> 0 | AT11: =IFERROR(AR11/AS11,0) -> 0 | AU11: =IFERROR(COUNTIF(#REF!,AR$2),0) -> 0 | AV11: =IFERROR(COUNTIF(#REF!,Analyse!AR$2),0) -> 0 | AW11: =IFERROR(AU11/AV11,0) -> 0 | AX11: =IFERROR(COUNTIF(#REF!,AR$2),0) -> 0 | AY11: =IFERROR(COUNTIF(#REF!,Analyse!AR$2),0) -> 0 | AZ11: =IFERROR(AX11/AY11,0) -> 0 | BA11: RB | BB11: =IFERROR(COUNTIF(#REF!,BB$2),0) -> 0 | BC11: =IFERROR(COUNTIF(#REF!,Analyse!BB$2),0) -> 0 | BD11: =IFERROR(BB11/BC11,0) -> 0 | BE11: =IFERROR(COUNTIF(#REF!,BB$2),0) -> 0 | BF11: =IFERROR(COUNTIF(#REF!,Analyse!BB$2),0) -> 0 | BG11: =IFERROR(BE11/BF11,0) -> 0 | BH11: =IFERROR(COUNTIF(#REF!,BB$2),0) -> 0 | BI11: =IFERROR(COUNTIF(#REF!,Analyse!BB$2),0) -> 0 | BJ11: =IFERROR(BH11/BI11,0) -> 0 | BK11: TOH | BL11: =IFERROR(COUNTIF(#REF!,BL$2),0) -> 0 | BM11: =IFERROR(COUNTIF(#REF!,Analyse!BL$2),0) -> 0 | BN11: =IFERROR(BL11/BM11,0) -> 0 | BO11: =IFERROR(COUNTIF(#REF!,BL$2),0) -> 0 | BP11: =IFERROR(COUNTIF(#REF!,Analyse!BL$2),0) -> 0 | BQ11: =IFERROR(BO11/BP11,0) -> 0 | BR11: =IFERROR(COUNTIF(#REF!,BL$2),0) -> 0 | BS11: =IFERROR(COUNTIF(#REF!,Analyse!BL$2),0) -> 0 | BT11: =IFERROR(BR11/BS11,0) -> 0 | BU11: ØG | BV11: =IFERROR(COUNTIF(#REF!,BV$2),0) -> 0 | BW11: =IFERROR(COUNTIF(#REF!,Analyse!BV$2),0) -> 0 | BX11: =IFERROR(BV11/BW11,0) -> 0 | BY11: =IFERROR(COUNTIF(#REF!,BV$2),0) -> 0 | BZ11: =IFERROR(COUNTIF(#REF!,Analyse!BV$2),0) -> 0 | CA11: =IFERROR(BY11/BZ11,0) -> 0 | CB11: =IFERROR(COUNTIF(#REF!,BV$2),0) -> 0 | CC11: =IFERROR(COUNTIF(#REF!,Analyse!BV$2),0) -> 0 | CD11: =IFERROR(CB11/CC11,0) -> 0
C12: JH | D12: =IFERROR(COUNTIF(#REF!,D$2),0) -> 0 | E12: =IFERROR(COUNTIF(#REF!,Analyse!D$2),0) -> 0 | F12: =IFERROR(D12/E12,0) -> 0 | G12: =IFERROR(COUNTIF(#REF!,D$2),0) -> 0 | H12: =IFERROR(COUNTIF(#REF!,Analyse!D$2),0) -> 0 | I12: =IFERROR(G12/H12,0) -> 0 | J12: =IFERROR(COUNTIF(#REF!,D$2),0) -> 0 | K12: =IFERROR(COUNTIF(#REF!,Analyse!D$2),0) -> 0 | L12: =IFERROR(J12/K12,0) -> 0 | M12: TOH | N12: =IFERROR(COUNTIF(#REF!,N$2),0) -> 0 | O12: =IFERROR(COUNTIF(#REF!,Analyse!N$2),0) -> 0 | P12: =IFERROR(N12/O12,0) -> 0 | Q12: =IFERROR(COUNTIF(#REF!,N$2),0) -> 0 | R12: =IFERROR(COUNTIF(#REF!,Analyse!N$2),0) -> 0 | S12: =IFERROR(Q12/R12,0) -> 0 | T12: =IFERROR(COUNTIF(#REF!,N$2),0) -> 0 | U12: =IFERROR(COUNTIF(#REF!,Analyse!N$2),0) -> 0 | V12: =IFERROR(T12/U12,0) -> 0 | W12: KAF | X12: =IFERROR(COUNTIF(#REF!,X$2),0) -> 0 | Y12: =IFERROR(COUNTIF(#REF!,Analyse!X$2),0) -> 0 | Z12: =IFERROR(X12/Y12,0) -> 0 | AA12: =IFERROR(COUNTIF(#REF!,X$2),0) -> 0 | AB12: =IFERROR(COUNTIF(#REF!,Analyse!X$2),0) -> 0 | AC12: =IFERROR(AA12/AB12,0) -> 0 | AD12: =IFERROR(COUNTIF(#REF!,X$2),0) -> 0 | AE12: =IFERROR(COUNTIF(#REF!,Analyse!X$2),0) -> 0 | AF12: =IFERROR(AD12/AE12,0) -> 0 | AG12: ØG | AH12: =IFERROR(COUNTIF(#REF!,AH$2),0) -> 0 | AI12: =IFERROR(COUNTIF(#REF!,Analyse!AH$2),0) -> 0 | AJ12: =IFERROR(AH12/AI12,0) -> 0 | AK12: =IFERROR(COUNTIF(#REF!,AH$2),0) -> 0 | AL12: =IFERROR(COUNTIF(#REF!,Analyse!AH$2),0) -> 0 | AM12: =IFERROR(AK12/AL12,0) -> 0 | AN12: =IFERROR(COUNTIF(#REF!,AH$2),0) -> 0 | AO12: =IFERROR(COUNTIF(#REF!,Analyse!AH$2),0) -> 0 | AP12: =IFERROR(AN12/AO12,0) -> 0 | AQ12: EB | AR12: =IFERROR(COUNTIF(#REF!,AR$2),0) -> 0 | AS12: =IFERROR(COUNTIF(#REF!,Analyse!AR$2),0) -> 0 | AT12: =IFERROR(AR12/AS12,0) -> 0 | AU12: =IFERROR(COUNTIF(#REF!,AR$2),0) -> 0 | AV12: =IFERROR(COUNTIF(#REF!,Analyse!AR$2),0) -> 0 | AW12: =IFERROR(AU12/AV12,0) -> 0 | AX12: =IFERROR(COUNTIF(#REF!,AR$2),0) -> 0 | AY12: =IFERROR(COUNTIF(#REF!,Analyse!AR$2),0) -> 0 | AZ12: =IFERROR(AX12/AY12,0) -> 0 | BA12: UTG | BB12: =IFERROR(COUNTIF(#REF!,BB$2),0) -> 0 | BC12: =IFERROR(COUNTIF(#REF!,Analyse!BB$2),0) -> 0 | BD12: =IFERROR(BB12/BC12,0) -> 0 | BE12: =IFERROR(COUNTIF(#REF!,BB$2),0) -> 0 | BF12: =IFERROR(COUNTIF(#REF!,Analyse!BB$2),0) -> 0 | BG12: =IFERROR(BE12/BF12,0) -> 0 | BH12: =IFERROR(COUNTIF(#REF!,BB$2),0) -> 0 | BI12: =IFERROR(COUNTIF(#REF!,Analyse!BB$2),0) -> 0 | BJ12: =IFERROR(BH12/BI12,0) -> 0 | BK12: EB | BL12: =IFERROR(COUNTIF(#REF!,BL$2),0) -> 0 | BM12: =IFERROR(COUNTIF(#REF!,Analyse!BL$2),0) -> 0 | BN12: =IFERROR(BL12/BM12,0) -> 0 | BO12: =IFERROR(COUNTIF(#REF!,BL$2),0) -> 0 | BP12: =IFERROR(COUNTIF(#REF!,Analyse!BL$2),0) -> 0 | BQ12: =IFERROR(BO12/BP12,0) -> 0 | BR12: =IFERROR(COUNTIF(#REF!,BL$2),0) -> 0 | BS12: =IFERROR(COUNTIF(#REF!,Analyse!BL$2),0) -> 0 | BT12: =IFERROR(BR12/BS12,0) -> 0 | BU12: UTG | BV12: =IFERROR(COUNTIF(#REF!,BV$2),0) -> 0 | BW12: =IFERROR(COUNTIF(#REF!,Analyse!BV$2),0) -> 0 | BX12: =IFERROR(BV12/BW12,0) -> 0 | BY12: =IFERROR(COUNTIF(#REF!,BV$2),0) -> 0 | BZ12: =IFERROR(COUNTIF(#REF!,Analyse!BV$2),0) -> 0 | CA12: =IFERROR(BY12/BZ12,0) -> 0 | CB12: =IFERROR(COUNTIF(#REF!,BV$2),0) -> 0 | CC12: =IFERROR(COUNTIF(#REF!,Analyse!BV$2),0) -> 0 | CD12: =IFERROR(CB12/CC12,0) -> 0
C13: KAF | D13: =IFERROR(COUNTIF(#REF!,D$2),0) -> 0 | E13: =IFERROR(COUNTIF(#REF!,Analyse!D$2),0) -> 0 | F13: =IFERROR(D13/E13,0) -> 0 | G13: =IFERROR(COUNTIF(#REF!,D$2),0) -> 0 | H13: =IFERROR(COUNTIF(#REF!,Analyse!D$2),0) -> 0 | I13: =IFERROR(G13/H13,0) -> 0 | J13: =IFERROR(COUNTIF(#REF!,D$2),0) -> 0 | K13: =IFERROR(COUNTIF(#REF!,Analyse!D$2),0) -> 0 | L13: =IFERROR(J13/K13,0) -> 0 | M13: EB | N13: =IFERROR(COUNTIF(#REF!,N$2),0) -> 0 | O13: =IFERROR(COUNTIF(#REF!,Analyse!N$2),0) -> 0 | P13: =IFERROR(N13/O13,0) -> 0 | Q13: =IFERROR(COUNTIF(#REF!,N$2),0) -> 0 | R13: =IFERROR(COUNTIF(#REF!,Analyse!N$2),0) -> 0 | S13: =IFERROR(Q13/R13,0) -> 0 | T13: =IFERROR(COUNTIF(#REF!,N$2),0) -> 0 | U13: =IFERROR(COUNTIF(#REF!,Analyse!N$2),0) -> 0 | V13: =IFERROR(T13/U13,0) -> 0 | W13: TOH | X13: =IFERROR(COUNTIF(#REF!,X$2),0) -> 0 | Y13: =IFERROR(COUNTIF(#REF!,Analyse!X$2),0) -> 0 | Z13: =IFERROR(X13/Y13,0) -> 0 | AA13: =IFERROR(COUNTIF(#REF!,X$2),0) -> 0 | AB13: =IFERROR(COUNTIF(#REF!,Analyse!X$2),0) -> 0 | AC13: =IFERROR(AA13/AB13,0) -> 0 | AD13: =IFERROR(COUNTIF(#REF!,X$2),0) -> 0 | AE13: =IFERROR(COUNTIF(#REF!,Analyse!X$2),0) -> 0 | AF13: =IFERROR(AD13/AE13,0) -> 0 | AG13: TOH | AH13: =IFERROR(COUNTIF(#REF!,AH$2),0) -> 0 | AI13: =IFERROR(COUNTIF(#REF!,Analyse!AH$2),0) -> 0 | AJ13: =IFERROR(AH13/AI13,0) -> 0 | AK13: =IFERROR(COUNTIF(#REF!,AH$2),0) -> 0 | AL13: =IFERROR(COUNTIF(#REF!,Analyse!AH$2),0) -> 0 | AM13: =IFERROR(AK13/AL13,0) -> 0 | AN13: =IFERROR(COUNTIF(#REF!,AH$2),0) -> 0 | AO13: =IFERROR(COUNTIF(#REF!,Analyse!AH$2),0) -> 0 | AP13: =IFERROR(AN13/AO13,0) -> 0 | AQ13: JH | AR13: =IFERROR(COUNTIF(#REF!,AR$2),0) -> 0 | AS13: =IFERROR(COUNTIF(#REF!,Analyse!AR$2),0) -> 0 | AT13: =IFERROR(AR13/AS13,0) -> 0 | AU13: =IFERROR(COUNTIF(#REF!,AR$2),0) -> 0 | AV13: =IFERROR(COUNTIF(#REF!,Analyse!AR$2),0) -> 0 | AW13: =IFERROR(AU13/AV13,0) -> 0 | AX13: =IFERROR(COUNTIF(#REF!,AR$2),0) -> 0 | AY13: =IFERROR(COUNTIF(#REF!,Analyse!AR$2),0) -> 0 | AZ13: =IFERROR(AX13/AY13,0) -> 0 | BA13: KAF | BB13: =IFERROR(COUNTIF(#REF!,BB$2),0) -> 0 | BC13: =IFERROR(COUNTIF(#REF!,Analyse!BB$2),0) -> 0 | BD13: =IFERROR(BB13/BC13,0) -> 0 | BE13: =IFERROR(COUNTIF(#REF!,BB$2),0) -> 0 | BF13: =IFERROR(COUNTIF(#REF!,Analyse!BB$2),0) -> 0 | BG13: =IFERROR(BE13/BF13,0) -> 0 | BH13: =IFERROR(COUNTIF(#REF!,BB$2),0) -> 0 | BI13: =IFERROR(COUNTIF(#REF!,Analyse!BB$2),0) -> 0 | BJ13: =IFERROR(BH13/BI13,0) -> 0 | BK13: AHH | BL13: =IFERROR(COUNTIF(#REF!,BL$2),0) -> 0 | BM13: =IFERROR(COUNTIF(#REF!,Analyse!BL$2),0) -> 0 | BN13: =IFERROR(BL13/BM13,0) -> 0 | BO13: =IFERROR(COUNTIF(#REF!,BL$2),0) -> 0 | BP13: =IFERROR(COUNTIF(#REF!,Analyse!BL$2),0) -> 0 | BQ13: =IFERROR(BO13/BP13,0) -> 0 | BR13: =IFERROR(COUNTIF(#REF!,BL$2),0) -> 0 | BS13: =IFERROR(COUNTIF(#REF!,Analyse!BL$2),0) -> 0 | BT13: =IFERROR(BR13/BS13,0) -> 0 | BU13: LEV | BV13: =IFERROR(COUNTIF(#REF!,BV$2),0) -> 0 | BW13: =IFERROR(COUNTIF(#REF!,Analyse!BV$2),0) -> 0 | BX13: =IFERROR(BV13/BW13,0) -> 0 | BY13: =IFERROR(COUNTIF(#REF!,BV$2),0) -> 0 | BZ13: =IFERROR(COUNTIF(#REF!,Analyse!BV$2),0) -> 0 | CA13: =IFERROR(BY13/BZ13,0) -> 0 | CB13: =IFERROR(COUNTIF(#REF!,BV$2),0) -> 0 | CC13: =IFERROR(COUNTIF(#REF!,Analyse!BV$2),0) -> 0 | CD13: =IFERROR(CB13/CC13,0) -> 0
B15: =COUNTIF(#REF!,80) -> #REF!
D17: %-treff
D18: =$D$2 -> 80 | I18: =$N$2 -> 70 | N18: 60 | S18: 50 | X18: 40 | AC18: 30 | AH18: 20 | AM18: 10
D19: H | E19: U | F19: B | I19: H | J19: U | K19: B | N19: H | O19: U | P19: B | S19: H | T19: U | U19: B | X19: H | Y19: U | Z19: B | AC19: H | AD19: U | AE19: B | AH19: H | AI19: U | AJ19: B | AM19: H | AN19: U | AO19: B
C20: AHH | D20: =F5 -> 0 | E20: =I5 -> 0 | F20: =L5 -> 0 | H20: AHH | I20: =P5 -> 0 | J20: =S5 -> 0 | K20: =V5 -> 0 | M20: AHH | N20: =Z5 -> 0 | O20: =AC5 -> 0 | P20: =AF5 -> 0 | R20: AHH | S20: =AJ5 -> 0 | T20: =AM5 -> 0 | U20: =AP5 -> 0 | W20: AHH | X20: =AT5 -> 0 | Y20: =AW5 -> 0 | Z20: =AZ5 -> 0 | AB20: AHH | AC20: =BD5 -> 0 | AD20: =BG5 -> 0 | AE20: =BG5 -> 0 | AG20: AHH | AH20: =BN5 -> 0 | AI20: =BQ5 -> 0 | AJ20: =BT5 -> 0 | AL20: AHH | AM20: =BX5 -> 0 | AN20: =CA5 -> 0 | AO20: =CD5 -> 0
C21: RB | D21: =F6 -> 0 | E21: =I6 -> 0 | F21: =L6 -> 0 | H21: RB | I21: =P6 -> 0 | J21: =S6 -> 0 | K21: =V6 -> 0 | M21: RB | N21: =Z6 -> 0 | O21: =AC6 -> 0 | P21: =AF6 -> 0 | R21: RB | S21: =AJ6 -> 0 | T21: =AM6 -> 0 | U21: =AP6 -> 0 | W21: RB | X21: =AT6 -> 0 | Y21: =AW6 -> 0 | Z21: =AZ6 -> 0 | AB21: RB | AC21: =BD6 -> 0 | AD21: =BG6 -> 0 | AE21: =BG6 -> 0 | AG21: RB | AH21: =BN6 -> 0 | AI21: =BQ6 -> 0 | AJ21: =BT6 -> 0 | AL21: RB | AM21: =BX6 -> 0 | AN21: =CA6 -> 0 | AO21: =CD6 -> 0
C22: EB | D22: =F7 -> 0 | E22: =I7 -> 0 | F22: =L7 -> 0 | H22: EB | I22: =P7 -> 0 | J22: =S7 -> 0 | K22: =V7 -> 0 | M22: EB | N22: =Z7 -> 0 | O22: =AC7 -> 0 | P22: =AF7 -> 0 | R22: EB | S22: =AJ7 -> 0 | T22: =AM7 -> 0 | U22: =AP7 -> 0 | W22: EB | X22: =AT7 -> 0 | Y22: =AW7 -> 0 | Z22: =AZ7 -> 0 | AB22: EB | AC22: =BD7 -> 0 | AD22: =BG7 -> 0 | AE22: =BG7 -> 0 | AG22: EB | AH22: =BN7 -> 0 | AI22: =BQ7 -> 0 | AJ22: =BT7 -> 0 | AL22: EB | AM22: =BX7 -> 0 | AN22: =CA7 -> 0 | AO22: =CD7 -> 0
C23: KAF | D23: =F8 -> 0 | E23: =I8 -> 0 | F23: =L8 -> 0 | H23: KAF | I23: =P8 -> 0 | J23: =S8 -> 0 | K23: =V8 -> 0 | M23: KAF | N23: =Z8 -> 0 | O23: =AC8 -> 0 | P23: =AF8 -> 0 | R23: KAF | S23: =AJ8 -> 0 | T23: =AM8 -> 0 | U23: =AP8 -> 0 | W23: KAF | X23: =AT8 -> 0 | Y23: =AW8 -> 0 | Z23: =AZ8 -> 0 | AB23: KAF | AC23: =BD8 -> 0 | AD23: =BG8 -> 0 | AE23: =BG8 -> 0 | AG23: KAF | AH23: =BN8 -> 0 | AI23: =BQ8 -> 0 | AJ23: =BT8 -> 0 | AL23: KAF | AM23: =BX8 -> 0 | AN23: =CA8 -> 0 | AO23: =CD8 -> 0
C24: ØG | D24: =F9 -> 0 | E24: =I9 -> 0 | F24: =L9 -> 0 | H24: ØG | I24: =P9 -> 0 | J24: =S9 -> 0 | K24: =V9 -> 0 | M24: ØG | N24: =Z9 -> 0 | O24: =AC9 -> 0 | P24: =AF9 -> 0 | R24: ØG | S24: =AJ9 -> 0 | T24: =AM9 -> 0 | U24: =AP9 -> 0 | W24: ØG | X24: =AT9 -> 0 | Y24: =AW9 -> 0 | Z24: =AZ9 -> 0 | AB24: ØG | AC24: =BD9 -> 0 | AD24: =BG9 -> 0 | AE24: =BG9 -> 0 | AG24: ØG | AH24: =BN9 -> 0 | AI24: =BQ9 -> 0 | AJ24: =BT9 -> 0 | AL24: ØG | AM24: =BX9 -> 0 | AN24: =CA9 -> 0 | AO24: =CD9 -> 0
C25: JH | D25: =F10 -> 0 | E25: =I10 -> 0 | F25: =L10 -> 0 | H25: JH | I25: =P10 -> 0 | J25: =S10 -> 0 | K25: =V10 -> 0 | M25: JH | N25: =Z10 -> 0 | O25: =AC10 -> 0 | P25: =AF10 -> 0 | R25: JH | S25: =AJ10 -> 0 | T25: =AM10 -> 0 | U25: =AP10 -> 0 | W25: JH | X25: =AT10 -> 0 | Y25: =AW10 -> 0 | Z25: =AZ10 -> 0 | AB25: JH | AC25: =BD10 -> 0 | AD25: =BG10 -> 0 | AE25: =BG10 -> 0 | AG25: JH | AH25: =BN10 -> 0 | AI25: =BQ10 -> 0 | AJ25: =BT10 -> 0 | AL25: JH | AM25: =BX10 -> 0 | AN25: =CA10 -> 0 | AO25: =CD10 -> 0
C26: TOH | D26: =F11 -> 0 | E26: =I11 -> 0 | F26: =L11 -> 0 | H26: TOH | I26: =P11 -> 0 | J26: =S11 -> 0 | K26: =V11 -> 0 | M26: TOH | N26: =Z11 -> 0 | O26: =AC11 -> 0 | P26: =AF11 -> 0 | R26: TOH | S26: =AJ11 -> 0 | T26: =AM11 -> 0 | U26: =AP11 -> 0 | W26: TOH | X26: =AT11 -> 0 | Y26: =AW11 -> 0 | Z26: =AZ11 -> 0 | AB26: TOH | AC26: =BD11 -> 0 | AD26: =BG11 -> 0 | AE26: =BG11 -> 0 | AG26: TOH | AH26: =BN11 -> 0 | AI26: =BQ11 -> 0 | AJ26: =BT11 -> 0 | AL26: TOH | AM26: =BX11 -> 0 | AN26: =CA11 -> 0 | AO26: =CD11 -> 0
C27: UTG | D27: =F12 -> 0 | E27: =I12 -> 0 | F27: =L12 -> 0 | H27: UTG | I27: =P12 -> 0 | J27: =S12 -> 0 | K27: =V12 -> 0 | M27: UTG | N27: =Z12 -> 0 | O27: =AC12 -> 0 | P27: =AF12 -> 0 | R27: UTG | S27: =AJ12 -> 0 | T27: =AM12 -> 0 | U27: =AP12 -> 0 | W27: UTG | X27: =AT12 -> 0 | Y27: =AW12 -> 0 | Z27: =AZ12 -> 0 | AB27: UTG | AC27: =BD12 -> 0 | AD27: =BG12 -> 0 | AE27: =BG12 -> 0 | AG27: UTG | AH27: =BN12 -> 0 | AI27: =BQ12 -> 0 | AJ27: =BT12 -> 0 | AL27: UTG | AM27: =BX12 -> 0 | AN27: =CA12 -> 0 | AO27: =CD12 -> 0
C28: LEV | D28: =F13 -> 0 | E28: =I13 -> 0 | F28: =L13 -> 0 | H28: LEV | I28: =P13 -> 0 | J28: =S13 -> 0 | K28: =V13 -> 0 | M28: LEV | N28: =Z13 -> 0 | O28: =AC13 -> 0 | P28: =AF13 -> 0 | R28: LEV | S28: =AJ13 -> 0 | T28: =AM13 -> 0 | U28: =AP13 -> 0 | W28: LEV | X28: =AT13 -> 0 | Y28: =AW13 -> 0 | Z28: =AZ13 -> 0 | AB28: LEV | AC28: =BD13 -> 0 | AD28: =BG13 -> 0 | AE28: =BG13 -> 0 | AG28: LEV | AH28: =BN13 -> 0 | AI28: =BQ13 -> 0 | AJ28: =BT13 -> 0 | AL28: LEV | AM28: =BX13 -> 0 | AN28: =CA13 -> 0 | AO28: =CD13 -> 0
G31: 1 | H31: 1 | I31: 1
D32: Gjennomsnitt | G32: Oppnådd:
D33: H | E33: U | F33: B | G33: H | H33: U | I33: B | J33: Rang1 | K33: Rang 2 | N33: H | O33: U | P33: B | R33: Analyse
C34: AHH | D34: =AVERAGE(D20,I20,N20,S20,X20,AC20,AH20,AM20) -> 0 | E34: =AVERAGE(E20,J20,O20,T20,Y20,AD20,AI20,AN20) -> 0 | F34: =AVERAGE(F20,K20,P20,U20,Z20,AE20,AJ20,AO20) -> 0 | G34: =SUM(D20,I20,N20,S20,X20,AC20,AH20,AM20) -> 0 | H34: =SUM(E20,J20,O20,T20,Y20,AD20,AI20,AN20) -> 0 | I34: =SUM(F20,K20,P20,U20,Z20,AE20,AJ20,AO20) -> 0 | J34: =_xlfn.RANK.EQ(G34,$G$34:$G$42)*$G$31+_xlfn.RANK.EQ(H34,$H$34:$H$42,-1)*$H$31+_xlfn.RANK.EQ(I34,$I$34:$I$42,-1)*$I$31 -> 3 | K34: =_xlfn.RANK.EQ(J34,$J$34:$J$42)+COUNTIF($J$34:J34,J34)-1 -> 1 | L34: 1 | M34: =_xlfn.XLOOKUP(L34,$K$34:$K$42,$C$34:$C$42) -> AHH | N34: =_xlfn.XLOOKUP($M34,$C$34:$C$42,G$34:G$42) -> 0 | O34: =_xlfn.SINGLE(_xlfn.XLOOKUP($M34,$C$34:$C$42,H$34:H$42)) -> 0 | P34: =_xlfn.SINGLE(_xlfn.XLOOKUP($M34,$C$34:$C$42,I$34:I$42)) -> 0 | R34: =_xlfn.XLOOKUP(LARGE($N$34:$N$42,1),$N$34:$N$42,$M$34:$M$42)&" er vår beste tipper på hjemmekamper" -> AHH er vår beste tipper på hjemmekamper
C35: RB | D35: =AVERAGE(D21,I21,N21,S21,X21,AC21,AH21,AM21) -> 0 | E35: =AVERAGE(E21,J21,O21,T21,Y21,AD21,AI21,AN21) -> 0 | F35: =AVERAGE(F21,K21,P21,U21,Z21,AE21,AJ21,AO21) -> 0 | G35: =SUM(D21,I21,N21,S21,X21,AC21,AH21,AM21) -> 0 | H35: =SUM(E21,J21,O21,T21,Y21,AD21,AI21,AN21) -> 0 | I35: =SUM(F21,K21,P21,U21,Z21,AE21,AJ21,AO21) -> 0 | J35: =_xlfn.RANK.EQ(G35,$G$34:$G$42,-1)*$G$31+_xlfn.RANK.EQ(H35,$H$34:$H$42,-1)*$H$31+_xlfn.RANK.EQ(I35,$I$34:$I$42,-1)*$I$31 -> 3 | K35: =_xlfn.RANK.EQ(J35,$J$34:$J$42)+COUNTIF($J$34:J35,J35)-1 -> 2 | L35: 2 | M35: =_xlfn.XLOOKUP(L35,$K$34:$K$42,$C$34:$C$42) -> RB | N35: =_xlfn.SINGLE(_xlfn.XLOOKUP($M35,$C$34:$C$42,G$34:G$42)) -> 0 | O35: =_xlfn.SINGLE(_xlfn.XLOOKUP($M35,$C$34:$C$42,H$34:H$42)) -> 0 | P35: =_xlfn.SINGLE(_xlfn.XLOOKUP($M35,$C$34:$C$42,I$34:I$42)) -> 0 | R35: =_xlfn.XLOOKUP(LARGE($O$34:$O$42,1),$O$34:$O$42,$M$34:$M$42)&" er vår beste tipper på uavgjorte kamper" -> AHH er vår beste tipper på uavgjorte kamper
C36: EB | D36: =AVERAGE(D22,I22,N22,S22,X22,AC22,AH22,AM22) -> 0 | E36: =AVERAGE(E22,J22,O22,T22,Y22,AD22,AI22,AN22) -> 0 | F36: =AVERAGE(F22,K22,P22,U22,Z22,AE22,AJ22,AO22) -> 0 | G36: =SUM(D22,I22,N22,S22,X22,AC22,AH22,AM22) -> 0 | H36: =SUM(E22,J22,O22,T22,Y22,AD22,AI22,AN22) -> 0 | I36: =SUM(F22,K22,P22,U22,Z22,AE22,AJ22,AO22) -> 0 | J36: =_xlfn.RANK.EQ(G36,$G$34:$G$42,-1)*$G$31+_xlfn.RANK.EQ(H36,$H$34:$H$42,-1)*$H$31+_xlfn.RANK.EQ(I36,$I$34:$I$42,-1)*$I$31 -> 3 | K36: =_xlfn.RANK.EQ(J36,$J$34:$J$42)+COUNTIF($J$34:J36,J36)-1 -> 3 | L36: 3 | M36: =_xlfn.XLOOKUP(L36,$K$34:$K$42,$C$34:$C$42) -> EB | N36: =_xlfn.SINGLE(_xlfn.XLOOKUP($M36,$C$34:$C$42,G$34:G$42)) -> 0 | O36: =_xlfn.SINGLE(_xlfn.XLOOKUP($M36,$C$34:$C$42,H$34:H$42)) -> 0 | P36: =_xlfn.SINGLE(_xlfn.XLOOKUP($M36,$C$34:$C$42,I$34:I$42)) -> 0 | R36: =_xlfn.XLOOKUP(LARGE($P$34:$P$42,1),$P$34:$P$42,$M$34:$M$42)&" er vår beste tipper på bortekamper" -> AHH er vår beste tipper på bortekamper
C37: KAF | D37: =AVERAGE(D23,I23,N23,S23,X23,AC23,AH23,AM23) -> 0 | E37: =AVERAGE(E23,J23,O23,T23,Y23,AD23,AI23,AN23) -> 0 | F37: =AVERAGE(F23,K23,P23,U23,Z23,AE23,AJ23,AO23) -> 0 | G37: =SUM(D23,I23,N23,S23,X23,AC23,AH23,AM23) -> 0 | H37: =SUM(E23,J23,O23,T23,Y23,AD23,AI23,AN23) -> 0 | I37: =SUM(F23,K23,P23,U23,Z23,AE23,AJ23,AO23) -> 0 | J37: =_xlfn.RANK.EQ(G37,$G$34:$G$42,-1)*$G$31+_xlfn.RANK.EQ(H37,$H$34:$H$42,-1)*$H$31+_xlfn.RANK.EQ(I37,$I$34:$I$42,-1)*$I$31 -> 3 | K37: =_xlfn.RANK.EQ(J37,$J$34:$J$42)+COUNTIF($J$34:J37,J37)-1 -> 4 | L37: 4 | M37: =_xlfn.XLOOKUP(L37,$K$34:$K$42,$C$34:$C$42) -> KAF | N37: =_xlfn.SINGLE(_xlfn.XLOOKUP($M37,$C$34:$C$42,G$34:G$42)) -> 0 | O37: =_xlfn.SINGLE(_xlfn.XLOOKUP($M37,$C$34:$C$42,H$34:H$42)) -> 0 | P37: =_xlfn.SINGLE(_xlfn.XLOOKUP($M37,$C$34:$C$42,I$34:I$42)) -> 0
C38: ØG | D38: =AVERAGE(D24,I24,N24,S24,X24,AC24,AH24,AM24) -> 0 | E38: =AVERAGE(E24,J24,O24,T24,Y24,AD24,AI24,AN24) -> 0 | F38: =AVERAGE(F24,K24,P24,U24,Z24,AE24,AJ24,AO24) -> 0 | G38: =SUM(D24,I24,N24,S24,X24,AC24,AH24,AM24) -> 0 | H38: =SUM(E24,J24,O24,T24,Y24,AD24,AI24,AN24) -> 0 | I38: =SUM(F24,K24,P24,U24,Z24,AE24,AJ24,AO24) -> 0 | J38: =_xlfn.RANK.EQ(G38,$G$34:$G$42,-1)*$G$31+_xlfn.RANK.EQ(H38,$H$34:$H$42,-1)*$H$31+_xlfn.RANK.EQ(I38,$I$34:$I$42,-1)*$I$31 -> 3 | K38: =_xlfn.RANK.EQ(J38,$J$34:$J$42)+COUNTIF($J$34:J38,J38)-1 -> 5 | L38: 5 | M38: =_xlfn.XLOOKUP(L38,$K$34:$K$42,$C$34:$C$42) -> ØG | N38: =_xlfn.SINGLE(_xlfn.XLOOKUP($M38,$C$34:$C$42,G$34:G$42)) -> 0 | O38: =_xlfn.SINGLE(_xlfn.XLOOKUP($M38,$C$34:$C$42,H$34:H$42)) -> 0 | P38: =_xlfn.SINGLE(_xlfn.XLOOKUP($M38,$C$34:$C$42,I$34:I$42)) -> 0 | R38: =C5&" er tippelagets beste på 80-tips. Han har truffet på "&D5&" av "&E5&" hjemmetips" -> RB er tippelagets beste på 80-tips. Han har truffet på 0 av 0 hjemmetips
C39: JH | D39: =AVERAGE(D25,I25,N25,S25,X25,AC25,AH25,AM25) -> 0 | E39: =AVERAGE(E25,J25,O25,T25,Y25,AD25,AI25,AN25) -> 0 | F39: =AVERAGE(F25,K25,P25,U25,Z25,AE25,AJ25,AO25) -> 0 | G39: =SUM(D25,I25,N25,S25,X25,AC25,AH25,AM25) -> 0 | H39: =SUM(E25,J25,O25,T25,Y25,AD25,AI25,AN25) -> 0 | I39: =SUM(F25,K25,P25,U25,Z25,AE25,AJ25,AO25) -> 0 | J39: =_xlfn.RANK.EQ(G39,$G$34:$G$42,-1)*$G$31+_xlfn.RANK.EQ(H39,$H$34:$H$42,-1)*$H$31+_xlfn.RANK.EQ(I39,$I$34:$I$42,-1)*$I$31 -> 3 | K39: =_xlfn.RANK.EQ(J39,$J$34:$J$42)+COUNTIF($J$34:J39,J39)-1 -> 6 | L39: 6 | M39: =_xlfn.XLOOKUP(L39,$K$34:$K$42,$C$34:$C$42) -> JH | N39: =_xlfn.SINGLE(_xlfn.XLOOKUP($M39,$C$34:$C$42,G$34:G$42)) -> 0 | O39: =_xlfn.SINGLE(_xlfn.XLOOKUP($M39,$C$34:$C$42,H$34:H$42)) -> 0 | P39: =_xlfn.SINGLE(_xlfn.XLOOKUP($M39,$C$34:$C$42,I$34:I$42)) -> 0
C40: TOH | D40: =AVERAGE(D26,I26,N26,S26,X26,AC26,AH26,AM26) -> 0 | E40: =AVERAGE(E26,J26,O26,T26,Y26,AD26,AI26,AN26) -> 0 | F40: =AVERAGE(F26,K26,P26,U26,Z26,AE26,AJ26,AO26) -> 0 | G40: =SUM(D26,I26,N26,S26,X26,AC26,AH26,AM26) -> 0 | H40: =SUM(E26,J26,O26,T26,Y26,AD26,AI26,AN26) -> 0 | I40: =SUM(F26,K26,P26,U26,Z26,AE26,AJ26,AO26) -> 0 | J40: =_xlfn.RANK.EQ(G40,$G$34:$G$42,-1)*$G$31+_xlfn.RANK.EQ(H40,$H$34:$H$42,-1)*$H$31+_xlfn.RANK.EQ(I40,$I$34:$I$42,-1)*$I$31 -> 3 | K40: =_xlfn.RANK.EQ(J40,$J$34:$J$42)+COUNTIF($J$34:J40,J40)-1 -> 7 | L40: 7 | M40: =_xlfn.XLOOKUP(L40,$K$34:$K$42,$C$34:$C$42) -> TOH | N40: =_xlfn.SINGLE(_xlfn.XLOOKUP($M40,$C$34:$C$42,G$34:G$42)) -> 0 | O40: =_xlfn.SINGLE(_xlfn.XLOOKUP($M40,$C$34:$C$42,H$34:H$42)) -> 0 | P40: =_xlfn.SINGLE(_xlfn.XLOOKUP($M40,$C$34:$C$42,I$34:I$42)) -> 0
C41: UTG | D41: =AVERAGE(D27,I27,N27,S27,X27,AC27,AH27,AM27) -> 0 | E41: =AVERAGE(E27,J27,O27,T27,Y27,AD27,AI27,AN27) -> 0 | F41: =AVERAGE(F27,K27,P27,U27,Z27,AE27,AJ27,AO27) -> 0 | G41: =SUM(D27,I27,N27,S27,X27,AC27,AH27,AM27) -> 0 | H41: =SUM(E27,J27,O27,T27,Y27,AD27,AI27,AN27) -> 0 | I41: =SUM(F27,K27,P27,U27,Z27,AE27,AJ27,AO27) -> 0 | J41: =_xlfn.RANK.EQ(G41,$G$34:$G$42,-1)*$G$31+_xlfn.RANK.EQ(H41,$H$34:$H$42,-1)*$H$31+_xlfn.RANK.EQ(I41,$I$34:$I$42,-1)*$I$31 -> 3 | K41: =_xlfn.RANK.EQ(J41,$J$34:$J$42)+COUNTIF($J$34:J41,J41)-1 -> 8 | L41: 8 | M41: =_xlfn.XLOOKUP(L41,$K$34:$K$42,$C$34:$C$42) -> UTG | N41: =_xlfn.SINGLE(_xlfn.XLOOKUP($M41,$C$34:$C$42,G$34:G$42)) -> 0 | O41: =_xlfn.SINGLE(_xlfn.XLOOKUP($M41,$C$34:$C$42,H$34:H$42)) -> 0 | P41: =_xlfn.SINGLE(_xlfn.XLOOKUP($M41,$C$34:$C$42,I$34:I$42)) -> 0
C42: LEV | D42: =AVERAGE(D28,I28,N28,S28,X28,AC28,AH28,AM28) -> 0 | E42: =AVERAGE(E28,J28,O28,T28,Y28,AD28,AI28,AN28) -> 0 | F42: =AVERAGE(F28,K28,P28,U28,Z28,AE28,AJ28,AO28) -> 0 | G42: =SUM(D28,I28,N28,S28,X28,AC28,AH28,AM28) -> 0 | H42: =SUM(E28,J28,O28,T28,Y28,AD28,AI28,AN28) -> 0 | I42: =SUM(F28,K28,P28,U28,Z28,AE28,AJ28,AO28) -> 0 | J42: =_xlfn.RANK.EQ(G42,$G$34:$G$42,-1)*$G$31+_xlfn.RANK.EQ(H42,$H$34:$H$42,-1)*$H$31+_xlfn.RANK.EQ(I42,$I$34:$I$42,-1)*$I$31 -> 3 | K42: =_xlfn.RANK.EQ(J42,$J$34:$J$42)+COUNTIF($J$34:J42,J42)-1 -> 9 | L42: 9 | M42: =_xlfn.XLOOKUP(L42,$K$34:$K$42,$C$34:$C$42) -> LEV | N42: =_xlfn.SINGLE(_xlfn.XLOOKUP($M42,$C$34:$C$42,G$34:G$42)) -> 0 | O42: =_xlfn.SINGLE(_xlfn.XLOOKUP($M42,$C$34:$C$42,H$34:H$42)) -> 0 | P42: =_xlfn.SINGLE(_xlfn.XLOOKUP($M42,$C$34:$C$42,I$34:I$42)) -> 0
D47: Leverte | G47: Treff
D48: H | E48: U | F48: B | G48: H | H48: U | I48: B
C49: AHH | D49: =SUM(E5+O5+Y5+AI5+AS5+BC5+BM5+BW5) -> 0 | E49: =SUM(H5+R5+AB5+AL5+AV5+BF5+BP5+BZ5) -> 0 | F49: =SUM(K5+U5+AE5+AO5+AY5+BI5+BS5+CC5) -> 0 | G49: =SUM(D5+N5+X5+AH5+AR5+BB5+BL5+BV5) -> 0 | H49: =SUM(G5+Q5+AA5+AK5+AU5+BE5+BO5+BY5) -> 0 | I49: =SUM(J5+T5+AD5+AN5+AX5+BH5+BR5+CB5) -> 0
C50: RB | D50: =SUM(E6+O6+Y6+AI6+AS6+BC6+BM6+BW6) -> 0 | E50: =SUM(H6+R6+AB6+AL6+AV6+BF6+BP6+BZ6) -> 0 | F50: =SUM(K6+U6+AE6+AO6+AY6+BI6+BS6+CC6) -> 0 | G50: =SUM(D6+N6+X6+AH6+AR6+BB6+BL6+BV6) -> 0 | H50: =SUM(G6+Q6+AA6+AK6+AU6+BE6+BO6+BY6) -> 0 | I50: =SUM(J6+T6+AD6+AN6+AX6+BH6+BR6+CB6) -> 0
C51: EB | D51: =SUM(E7+O7+Y7+AI7+AS7+BC7+BM7+BW7) -> 0 | E51: =SUM(H7+R7+AB7+AL7+AV7+BF7+BP7+BZ7) -> 0 | F51: =SUM(K7+U7+AE7+AO7+AY7+BI7+BS7+CC7) -> 0 | G51: =SUM(D7+N7+X7+AH7+AR7+BB7+BL7+BV7) -> 0 | H51: =SUM(G7+Q7+AA7+AK7+AU7+BE7+BO7+BY7) -> 0 | I51: =SUM(J7+T7+AD7+AN7+AX7+BH7+BR7+CB7) -> 0
C52: KAF | D52: =SUM(E8+O8+Y8+AI8+AS8+BC8+BM8+BW8) -> 0 | E52: =SUM(H8+R8+AB8+AL8+AV8+BF8+BP8+BZ8) -> 0 | F52: =SUM(K8+U8+AE8+AO8+AY8+BI8+BS8+CC8) -> 0 | G52: =SUM(D8+N8+X8+AH8+AR8+BB8+BL8+BV8) -> 0 | H52: =SUM(G8+Q8+AA8+AK8+AU8+BE8+BO8+BY8) -> 0 | I52: =SUM(J8+T8+AD8+AN8+AX8+BH8+BR8+CB8) -> 0
C53: ØG | D53: =SUM(E9+O9+Y9+AI9+AS9+BC9+BM9+BW9) -> 0 | E53: =SUM(H9+R9+AB9+AL9+AV9+BF9+BP9+BZ9) -> 0 | F53: =SUM(K9+U9+AE9+AO9+AY9+BI9+BS9+CC9) -> 0 | G53: =SUM(D9+N9+X9+AH9+AR9+BB9+BL9+BV9) -> 0 | H53: =SUM(G9+Q9+AA9+AK9+AU9+BE9+BO9+BY9) -> 0 | I53: =SUM(J9+T9+AD9+AN9+AX9+BH9+BR9+CB9) -> 0
C54: JH | D54: =SUM(E10+O10+Y10+AI10+AS10+BC10+BM10+BW10) -> 0 | E54: =SUM(H10+R10+AB10+AL10+AV10+BF10+BP10+BZ10) -> 0 | F54: =SUM(K10+U10+AE10+AO10+AY10+BI10+BS10+CC10) -> 0 | G54: =SUM(D10+N10+X10+AH10+AR10+BB10+BL10+BV10) -> 0 | H54: =SUM(G10+Q10+AA10+AK10+AU10+BE10+BO10+BY10) -> 0 | I54: =SUM(J10+T10+AD10+AN10+AX10+BH10+BR10+CB10) -> 0
C55: TOH | D55: =SUM(E11+O11+Y11+AI11+AS11+BC11+BM11+BW11) -> 0 | E55: =SUM(H11+R11+AB11+AL11+AV11+BF11+BP11+BZ11) -> 0 | F55: =SUM(K11+U11+AE11+AO11+AY11+BI11+BS11+CC11) -> 0 | G55: =SUM(D11+N11+X11+AH11+AR11+BB11+BL11+BV11) -> 0 | H55: =SUM(G11+Q11+AA11+AK11+AU11+BE11+BO11+BY11) -> 0 | I55: =SUM(J11+T11+AD11+AN11+AX11+BH11+BR11+CB11) -> 0
C56: UTG | D56: =SUM(E12+O12+Y12+AI12+AS12+BC12+BM12+BW12) -> 0 | E56: =SUM(H12+R12+AB12+AL12+AV12+BF12+BP12+BZ12) -> 0 | F56: =SUM(K12+U12+AE12+AO12+AY12+BI12+BS12+CC12) -> 0 | G56: =SUM(D12+N12+X12+AH12+AR12+BB12+BL12+BV12) -> 0 | H56: =SUM(G12+Q12+AA12+AK12+AU12+BE12+BO12+BY12) -> 0 | I56: =SUM(J12+T12+AD12+AN12+AX12+BH12+BR12+CB12) -> 0
C57: LEV | D57: =SUM(E13+O13+Y13+AI13+AS13+BC13+BM13+BW13) -> 0 | E57: =SUM(H13+R13+AB13+AL13+AV13+BF13+BP13+BZ13) -> 0 | F57: =SUM(K13+U13+AE13+AO13+AY13+BI13+BS13+CC13) -> 0 | G57: =SUM(D13+N13+X13+AH13+AR13+BB13+BL13+BV13) -> 0 | H57: =SUM(G13+Q13+AA13+AK13+AU13+BE13+BO13+BY13) -> 0 | I57: =SUM(J13+T13+AD13+AN13+AX13+BH13+BR13+CB13) -> 0
N59: Under utvikling!
N61: Tippemedlemmenes innbyrdes rangering
D62: 1000 | E62: 10000 | F62: 5000 | G62: -5000 | H62: 5000 | I62: 10000
D63: hp | E63: up | F63: bp | G63: straff | H63: tp | I63: Rank | J63: Rank1 | K63: Rank2 | O63: hp | P63: up | Q63: bp | R63: straff | S63: tp | T63: Snitt Rank
C64: AHH | D64: =SUM(INDIRECT("t_"&$C64&"["&D$63&"]")) -> #REF! | E64: =SUM(INDIRECT("t_"&$C64&"["&E$63&"]")) -> #REF! | F64: =SUM(INDIRECT("t_"&$C64&"["&F$63&"]")) -> #REF! | G64: 0 | H64: =SUM(INDIRECT("t_"&$C64&"["&H$63&"]")) -> #REF! | I64: =AVERAGE(INDIRECT("t_"&$C64&"["&I$63&"]")) -> #REF! | J64: =_xlfn.RANK.EQ(D64,$D$64:$D$72)*$D$62+_xlfn.RANK.EQ(E64,$E$64:$E$72)*$E$62+_xlfn.RANK.EQ(F64,$F$64:$F$72)*$F$62+_xlfn.RANK.EQ(G64,$G$64:$G$72)*$G$62+_xlfn.RANK.EQ(H64,$H$64:$H$72)*$H$62+_xlfn.RANK.EQ(I64,$I$64:$I$72)*$I$62 -> #REF! | K64: =_xlfn.RANK.EQ(J64,$J$64:$J$72)+COUNTIF($J$64:J64,J64)-1 -> #REF! | M64: 1 | N64: =_xlfn.XLOOKUP(M64,$K$64:$K$72,$C$64:$C$72) -> #N/A | O64: =_xlfn.XLOOKUP($N64,$C$64:$C$72,D$64:D$72) -> #N/A | P64: =_xlfn.SINGLE(_xlfn.XLOOKUP($N64,$C$64:$C$72,E$64:E$72)) -> #N/A | Q64: =_xlfn.SINGLE(_xlfn.XLOOKUP($N64,$C$64:$C$72,F$64:F$72)) -> #N/A | R64: =_xlfn.SINGLE(_xlfn.XLOOKUP($N64,$C$64:$C$72,G$64:G$72)) -> #N/A | S64: =_xlfn.SINGLE(_xlfn.XLOOKUP($N64,$C$64:$C$72,H$64:H$72)) -> #N/A | T64: =_xlfn.SINGLE(_xlfn.XLOOKUP($N64,$C$64:$C$72,I$64:I$72)) -> #N/A
C65: RB | D65: =SUM(INDIRECT("t_"&$C65&"["&D$63&"]")) -> #REF! | E65: =SUM(INDIRECT("t_"&$C65&"["&E$63&"]")) -> #REF! | F65: =SUM(INDIRECT("t_"&$C65&"["&F$63&"]")) -> #REF! | G65: =SUM(INDIRECT("t_"&$C65&"["&G$63&"]")) -> #REF! | H65: =SUM(INDIRECT("t_"&$C65&"["&H$63&"]")) -> #REF! | I65: =AVERAGE(INDIRECT("t_"&$C65&"["&I$63&"]")) -> #REF! | J65: =_xlfn.RANK.EQ(D65,$D$64:$D$72)*$D$62+_xlfn.RANK.EQ(E65,$E$64:$E$72)*$E$62+_xlfn.RANK.EQ(F65,$F$64:$F$72)*$F$62+_xlfn.RANK.EQ(G65,$G$64:$G$72)*$G$62+_xlfn.RANK.EQ(H65,$H$64:$H$72)*$H$62+_xlfn.RANK.EQ(I65,$I$64:$I$72)*$I$62 -> #REF! | K65: =_xlfn.RANK.EQ(J65,$J$64:$J$72)+COUNTIF($J$64:J65,J65)-1 -> #REF! | M65: 2 | N65: =_xlfn.XLOOKUP(M65,$K$64:$K$72,$C$64:$C$72) -> #N/A | O65: =_xlfn.SINGLE(_xlfn.XLOOKUP($N65,$C$64:$C$72,D$64:D$72)) -> #N/A | P65: =_xlfn.SINGLE(_xlfn.XLOOKUP($N65,$C$64:$C$72,E$64:E$72)) -> #N/A | Q65: =_xlfn.SINGLE(_xlfn.XLOOKUP($N65,$C$64:$C$72,F$64:F$72)) -> #N/A | R65: =_xlfn.SINGLE(_xlfn.XLOOKUP($N65,$C$64:$C$72,G$64:G$72)) -> #N/A | S65: =_xlfn.SINGLE(_xlfn.XLOOKUP($N65,$C$64:$C$72,H$64:H$72)) -> #N/A | T65: =_xlfn.SINGLE(_xlfn.XLOOKUP($N65,$C$64:$C$72,I$64:I$72)) -> #N/A
C66: EB | D66: =SUM(INDIRECT("t_"&$C66&"["&D$63&"]")) -> #REF! | E66: =SUM(INDIRECT("t_"&$C66&"["&E$63&"]")) -> #REF! | F66: =SUM(INDIRECT("t_"&$C66&"["&F$63&"]")) -> #REF! | G66: =SUM(INDIRECT("t_"&$C66&"["&G$63&"]")) -> #REF! | H66: =SUM(INDIRECT("t_"&$C66&"["&H$63&"]")) -> #REF! | I66: =AVERAGE(INDIRECT("t_"&$C66&"["&I$63&"]")) -> #REF! | J66: =_xlfn.RANK.EQ(D66,$D$64:$D$72)*$D$62+_xlfn.RANK.EQ(E66,$E$64:$E$72)*$E$62+_xlfn.RANK.EQ(F66,$F$64:$F$72)*$F$62+_xlfn.RANK.EQ(G66,$G$64:$G$72)*$G$62+_xlfn.RANK.EQ(H66,$H$64:$H$72)*$H$62+_xlfn.RANK.EQ(I66,$I$64:$I$72)*$I$62 -> #REF! | K66: =_xlfn.RANK.EQ(J66,$J$64:$J$72)+COUNTIF($J$64:J66,J66)-1 -> #REF! | M66: 3 | N66: =_xlfn.XLOOKUP(M66,$K$64:$K$72,$C$64:$C$72) -> #N/A | O66: =_xlfn.SINGLE(_xlfn.XLOOKUP($N66,$C$64:$C$72,D$64:D$72)) -> #N/A | P66: =_xlfn.SINGLE(_xlfn.XLOOKUP($N66,$C$64:$C$72,E$64:E$72)) -> #N/A | Q66: =_xlfn.SINGLE(_xlfn.XLOOKUP($N66,$C$64:$C$72,F$64:F$72)) -> #N/A | R66: =_xlfn.SINGLE(_xlfn.XLOOKUP($N66,$C$64:$C$72,G$64:G$72)) -> #N/A | S66: =_xlfn.SINGLE(_xlfn.XLOOKUP($N66,$C$64:$C$72,H$64:H$72)) -> #N/A | T66: =_xlfn.SINGLE(_xlfn.XLOOKUP($N66,$C$64:$C$72,I$64:I$72)) -> #N/A
C67: KAF | D67: =SUM(INDIRECT("t_"&$C67&"["&D$63&"]")) -> #REF! | E67: =SUM(INDIRECT("t_"&$C67&"["&E$63&"]")) -> #REF! | F67: =SUM(INDIRECT("t_"&$C67&"["&F$63&"]")) -> #REF! | G67: =SUM(INDIRECT("t_"&$C67&"["&G$63&"]")) -> #REF! | H67: =SUM(INDIRECT("t_"&$C67&"["&H$63&"]")) -> #REF! | I67: =AVERAGE(INDIRECT("t_"&$C67&"["&I$63&"]")) -> #REF! | J67: =_xlfn.RANK.EQ(D67,$D$64:$D$72)*$D$62+_xlfn.RANK.EQ(E67,$E$64:$E$72)*$E$62+_xlfn.RANK.EQ(F67,$F$64:$F$72)*$F$62+_xlfn.RANK.EQ(G67,$G$64:$G$72)*$G$62+_xlfn.RANK.EQ(H67,$H$64:$H$72)*$H$62+_xlfn.RANK.EQ(I67,$I$64:$I$72)*$I$62 -> #REF! | K67: =_xlfn.RANK.EQ(J67,$J$64:$J$72)+COUNTIF($J$64:J67,J67)-1 -> #REF! | M67: 4 | N67: =_xlfn.XLOOKUP(M67,$K$64:$K$72,$C$64:$C$72) -> #N/A | O67: =_xlfn.SINGLE(_xlfn.XLOOKUP($N67,$C$64:$C$72,D$64:D$72)) -> #N/A | P67: =_xlfn.SINGLE(_xlfn.XLOOKUP($N67,$C$64:$C$72,E$64:E$72)) -> #N/A | Q67: =_xlfn.SINGLE(_xlfn.XLOOKUP($N67,$C$64:$C$72,F$64:F$72)) -> #N/A | R67: =_xlfn.SINGLE(_xlfn.XLOOKUP($N67,$C$64:$C$72,G$64:G$72)) -> #N/A | S67: =_xlfn.SINGLE(_xlfn.XLOOKUP($N67,$C$64:$C$72,H$64:H$72)) -> #N/A | T67: =_xlfn.SINGLE(_xlfn.XLOOKUP($N67,$C$64:$C$72,I$64:I$72)) -> #N/A
C68: ØG | D68: =SUM(INDIRECT("t_"&$C68&"["&D$63&"]")) -> #REF! | E68: =SUM(INDIRECT("t_"&$C68&"["&E$63&"]")) -> #REF! | F68: =SUM(INDIRECT("t_"&$C68&"["&F$63&"]")) -> #REF! | G68: =SUM(INDIRECT("t_"&$C68&"["&G$63&"]")) -> #REF! | H68: =SUM(INDIRECT("t_"&$C68&"["&H$63&"]")) -> #REF! | I68: =AVERAGE(INDIRECT("t_"&$C68&"["&I$63&"]")) -> #REF! | J68: =_xlfn.RANK.EQ(D68,$D$64:$D$72)*$D$62+_xlfn.RANK.EQ(E68,$E$64:$E$72)*$E$62+_xlfn.RANK.EQ(F68,$F$64:$F$72)*$F$62+_xlfn.RANK.EQ(G68,$G$64:$G$72)*$G$62+_xlfn.RANK.EQ(H68,$H$64:$H$72)*$H$62+_xlfn.RANK.EQ(I68,$I$64:$I$72)*$I$62 -> #REF! | K68: =_xlfn.RANK.EQ(J68,$J$64:$J$72)+COUNTIF($J$64:J68,J68)-1 -> #REF! | M68: 5 | N68: =_xlfn.XLOOKUP(M68,$K$64:$K$72,$C$64:$C$72) -> #N/A | O68: =_xlfn.SINGLE(_xlfn.XLOOKUP($N68,$C$64:$C$72,D$64:D$72)) -> #N/A | P68: =_xlfn.SINGLE(_xlfn.XLOOKUP($N68,$C$64:$C$72,E$64:E$72)) -> #N/A | Q68: =_xlfn.SINGLE(_xlfn.XLOOKUP($N68,$C$64:$C$72,F$64:F$72)) -> #N/A | R68: =_xlfn.SINGLE(_xlfn.XLOOKUP($N68,$C$64:$C$72,G$64:G$72)) -> #N/A | S68: =_xlfn.SINGLE(_xlfn.XLOOKUP($N68,$C$64:$C$72,H$64:H$72)) -> #N/A | T68: =_xlfn.SINGLE(_xlfn.XLOOKUP($N68,$C$64:$C$72,I$64:I$72)) -> #N/A
C69: JH | D69: =SUM(INDIRECT("t_"&$C69&"["&D$63&"]")) -> #REF! | E69: =SUM(INDIRECT("t_"&$C69&"["&E$63&"]")) -> #REF! | F69: =SUM(INDIRECT("t_"&$C69&"["&F$63&"]")) -> #REF! | G69: =SUM(INDIRECT("t_"&$C69&"["&G$63&"]")) -> #REF! | H69: =SUM(INDIRECT("t_"&$C69&"["&H$63&"]")) -> #REF! | I69: =AVERAGE(INDIRECT("t_"&$C69&"["&I$63&"]")) -> #REF! | J69: =_xlfn.RANK.EQ(D69,$D$64:$D$72)*$D$62+_xlfn.RANK.EQ(E69,$E$64:$E$72)*$E$62+_xlfn.RANK.EQ(F69,$F$64:$F$72)*$F$62+_xlfn.RANK.EQ(G69,$G$64:$G$72)*$G$62+_xlfn.RANK.EQ(H69,$H$64:$H$72)*$H$62+_xlfn.RANK.EQ(I69,$I$64:$I$72)*$I$62 -> #REF! | K69: =_xlfn.RANK.EQ(J69,$J$64:$J$72)+COUNTIF($J$64:J69,J69)-1 -> #REF! | M69: 6 | N69: =_xlfn.XLOOKUP(M69,$K$64:$K$72,$C$64:$C$72) -> #N/A | O69: =_xlfn.SINGLE(_xlfn.XLOOKUP($N69,$C$64:$C$72,D$64:D$72)) -> #N/A | P69: =_xlfn.SINGLE(_xlfn.XLOOKUP($N69,$C$64:$C$72,E$64:E$72)) -> #N/A | Q69: =_xlfn.SINGLE(_xlfn.XLOOKUP($N69,$C$64:$C$72,F$64:F$72)) -> #N/A | R69: =_xlfn.SINGLE(_xlfn.XLOOKUP($N69,$C$64:$C$72,G$64:G$72)) -> #N/A | S69: =_xlfn.SINGLE(_xlfn.XLOOKUP($N69,$C$64:$C$72,H$64:H$72)) -> #N/A | T69: =_xlfn.SINGLE(_xlfn.XLOOKUP($N69,$C$64:$C$72,I$64:I$72)) -> #N/A
C70: TOH | D70: =SUM(INDIRECT("t_"&$C70&"["&D$63&"]")) -> #REF! | E70: =SUM(INDIRECT("t_"&$C70&"["&E$63&"]")) -> #REF! | F70: =SUM(INDIRECT("t_"&$C70&"["&F$63&"]")) -> #REF! | G70: =SUM(INDIRECT("t_"&$C70&"["&G$63&"]")) -> #REF! | H70: =SUM(INDIRECT("t_"&$C70&"["&H$63&"]")) -> #REF! | I70: =AVERAGE(INDIRECT("t_"&$C70&"["&I$63&"]")) -> #REF! | J70: =_xlfn.RANK.EQ(D70,$D$64:$D$72)*$D$62+_xlfn.RANK.EQ(E70,$E$64:$E$72)*$E$62+_xlfn.RANK.EQ(F70,$F$64:$F$72)*$F$62+_xlfn.RANK.EQ(G70,$G$64:$G$72)*$G$62+_xlfn.RANK.EQ(H70,$H$64:$H$72)*$H$62+_xlfn.RANK.EQ(I70,$I$64:$I$72)*$I$62 -> #REF! | K70: =_xlfn.RANK.EQ(J70,$J$64:$J$72)+COUNTIF($J$64:J70,J70)-1 -> #REF! | M70: 7 | N70: =_xlfn.XLOOKUP(M70,$K$64:$K$72,$C$64:$C$72) -> #N/A | O70: =_xlfn.SINGLE(_xlfn.XLOOKUP($N70,$C$64:$C$72,D$64:D$72)) -> #N/A | P70: =_xlfn.SINGLE(_xlfn.XLOOKUP($N70,$C$64:$C$72,E$64:E$72)) -> #N/A | Q70: =_xlfn.SINGLE(_xlfn.XLOOKUP($N70,$C$64:$C$72,F$64:F$72)) -> #N/A | R70: =_xlfn.SINGLE(_xlfn.XLOOKUP($N70,$C$64:$C$72,G$64:G$72)) -> #N/A | S70: =_xlfn.SINGLE(_xlfn.XLOOKUP($N70,$C$64:$C$72,H$64:H$72)) -> #N/A | T70: =_xlfn.SINGLE(_xlfn.XLOOKUP($N70,$C$64:$C$72,I$64:I$72)) -> #N/A
C71: UTG | D71: =SUM(INDIRECT("t_"&$C71&"["&D$63&"]")) -> #REF! | E71: =SUM(INDIRECT("t_"&$C71&"["&E$63&"]")) -> #REF! | F71: =SUM(INDIRECT("t_"&$C71&"["&F$63&"]")) -> #REF! | G71: =SUM(INDIRECT("t_"&$C71&"["&G$63&"]")) -> #REF! | H71: =SUM(INDIRECT("t_"&$C71&"["&H$63&"]")) -> #REF! | I71: =AVERAGE(INDIRECT("t_"&$C71&"["&I$63&"]")) -> #REF! | J71: =_xlfn.RANK.EQ(D71,$D$64:$D$72)*$D$62+_xlfn.RANK.EQ(E71,$E$64:$E$72)*$E$62+_xlfn.RANK.EQ(F71,$F$64:$F$72)*$F$62+_xlfn.RANK.EQ(G71,$G$64:$G$72)*$G$62+_xlfn.RANK.EQ(H71,$H$64:$H$72)*$H$62+_xlfn.RANK.EQ(I71,$I$64:$I$72)*$I$62 -> #REF! | K71: =_xlfn.RANK.EQ(J71,$J$64:$J$72)+COUNTIF($J$64:J71,J71)-1 -> #REF! | M71: 8 | N71: =_xlfn.XLOOKUP(M71,$K$64:$K$72,$C$64:$C$72) -> #N/A | O71: =_xlfn.SINGLE(_xlfn.XLOOKUP($N71,$C$64:$C$72,D$64:D$72)) -> #N/A | P71: =_xlfn.SINGLE(_xlfn.XLOOKUP($N71,$C$64:$C$72,E$64:E$72)) -> #N/A | Q71: =_xlfn.SINGLE(_xlfn.XLOOKUP($N71,$C$64:$C$72,F$64:F$72)) -> #N/A | R71: =_xlfn.SINGLE(_xlfn.XLOOKUP($N71,$C$64:$C$72,G$64:G$72)) -> #N/A | S71: =_xlfn.SINGLE(_xlfn.XLOOKUP($N71,$C$64:$C$72,H$64:H$72)) -> #N/A | T71: =_xlfn.SINGLE(_xlfn.XLOOKUP($N71,$C$64:$C$72,I$64:I$72)) -> #N/A
C72: LEV | D72: =SUM(INDIRECT("t_"&$C72&"["&D$63&"]")) -> #REF! | E72: =SUM(INDIRECT("t_"&$C72&"["&E$63&"]")) -> #REF! | F72: =SUM(INDIRECT("t_"&$C72&"["&F$63&"]")) -> #REF! | G72: =SUM(INDIRECT("t_"&$C72&"["&G$63&"]")) -> #REF! | H72: =SUM(INDIRECT("t_"&$C72&"["&H$63&"]")) -> #REF! | I72: =AVERAGE(INDIRECT("t_"&$C72&"["&I$63&"]")) -> #REF! | J72: =_xlfn.RANK.EQ(D72,$D$64:$D$72)*$D$62+_xlfn.RANK.EQ(E72,$E$64:$E$72)*$E$62+_xlfn.RANK.EQ(F72,$F$64:$F$72)*$F$62+_xlfn.RANK.EQ(G72,$G$64:$G$72)*$G$62+_xlfn.RANK.EQ(H72,$H$64:$H$72)*$H$62+_xlfn.RANK.EQ(I72,$I$64:$I$72)*$I$62 -> #REF! | K72: =_xlfn.RANK.EQ(J72,$J$64:$J$72)+COUNTIF($J$64:J72,J72)-1 -> #REF! | M72: 9 | N72: =_xlfn.XLOOKUP(M72,$K$64:$K$72,$C$64:$C$72) -> #N/A | O72: =_xlfn.SINGLE(_xlfn.XLOOKUP($N72,$C$64:$C$72,D$64:D$72)) -> #N/A | P72: =_xlfn.SINGLE(_xlfn.XLOOKUP($N72,$C$64:$C$72,E$64:E$72)) -> #N/A | Q72: =_xlfn.SINGLE(_xlfn.XLOOKUP($N72,$C$64:$C$72,F$64:F$72)) -> #N/A | R72: =_xlfn.SINGLE(_xlfn.XLOOKUP($N72,$C$64:$C$72,G$64:G$72)) -> #N/A | S72: =_xlfn.SINGLE(_xlfn.XLOOKUP($N72,$C$64:$C$72,H$64:H$72)) -> #N/A | T72: =_xlfn.SINGLE(_xlfn.XLOOKUP($N72,$C$64:$C$72,I$64:I$72)) -> #N/A

Sheet Statistikk
B1: Dato | C1: ahh | D1: rb | E1: eb | F1: kaf | G1: øg | H1: jh | I1: toh | J1: utg | K1: lev | O1: AHH | P1: Dato | Q1: ahh | R1: rb | S1: eb | T1: kaf | U1: øg | V1: jh | W1: toh | X1: utg | Y1: lev | AB1: Ukens Vinner | AM1: Ukens Jumbo
A2: 1 | B2: =#REF! -> #REF! | C2: =_xlfn.XLOOKUP(t_rang[[#This Row],[Dato]],#REF!,#REF!) -> #REF! | D2: =_xlfn.XLOOKUP(t_rang[[#This Row],[Dato]],#REF!,#REF!) -> #REF! | E2: =_xlfn.XLOOKUP(t_rang[[#This Row],[Dato]],#REF!,#REF!) -> #REF! | F2: =_xlfn.XLOOKUP(t_rang[[#This Row],[Dato]],#REF!,#REF!) -> #REF! | G2: =_xlfn.XLOOKUP(t_rang[[#This Row],[Dato]],#REF!,#REF!) -> #REF! | H2: =_xlfn.XLOOKUP(t_rang[[#This Row],[Dato]],#REF!,#REF!) -> #REF! | I2: =_xlfn.XLOOKUP(t_rang[[#This Row],[Dato]],#REF!,#REF!) -> #REF! | J2: =_xlfn.XLOOKUP(t_rang[[#This Row],[Dato]],#REF!,#REF!) -> #REF! | K2: =_xlfn.XLOOKUP(t_rang[[#This Row],[Dato]],#REF!,#REF!) -> #REF! | P2: =#REF! -> #REF! | Q2: =#REF! -> #REF! | R2: =#REF! -> #REF! | S2: =#REF! -> #REF! | T2: =#REF! -> #REF! | U2: =#REF! -> #REF! | V2: =#REF! -> #REF! | W2: =#REF! -> #REF! | ... Y2: =#REF! -> #REF! | AA2: =t_tp[[#This Row],[Dato]] -> #REF! | AB2: {=IFERROR(_xlfn._xlws.FILTER($Q$1:$Y$1,t_tp[[#This Row],[ahh]:[lev]]=LARGE(t_tp[[#This Row],[ahh]:[lev]],1)),"")} | AL2: =AA2 -> #REF! | AM2: {=IFERROR(_xlfn._xlws.FILTER($Q$1:$Y$1,t_tp[[#This Row],[ahh]:[lev]]=SMALL(t_tp[[#This Row],[ahh]:[lev]],1)),"")}
A3: 2 | B3: =#REF! -> #REF! | C3: =_xlfn.XLOOKUP(t_rang[[#This Row],[Dato]],#REF!,#REF!) -> #REF! | D3: =_xlfn.XLOOKUP(t_rang[[#This Row],[Dato]],#REF!,#REF!) -> #REF! | E3: =_xlfn.XLOOKUP(t_rang[[#This Row],[Dato]],#REF!,#REF!) -> #REF! | F3: =_xlfn.XLOOKUP(t_rang[[#This Row],[Dato]],#REF!,#REF!) -> #REF! | G3: =_xlfn.XLOOKUP(t_rang[[#This Row],[Dato]],#REF!,#REF!) -> #REF! | H3: =_xlfn.XLOOKUP(t_rang[[#This Row],[Dato]],#REF!,#REF!) -> #REF! | I3: =_xlfn.XLOOKUP(t_rang[[#This Row],[Dato]],#REF!,#REF!) -> #REF! | J3: =_xlfn.XLOOKUP(t_rang[[#This Row],[Dato]],#REF!,#REF!) -> #REF! | K3: =_xlfn.XLOOKUP(t_rang[[#This Row],[Dato]],#REF!,#REF!) -> #REF! | P3: =#REF! -> #REF! | Q3: =#REF! -> #REF! | R3: =#REF! -> #REF! | S3: =#REF! -> #REF! | T3: =#REF! -> #REF! | U3: =#REF! -> #REF! | V3: =#REF! -> #REF! | W3: =#REF! -> #REF! | ... Y3: =#REF! -> #REF! | AA3: =t_tp[[#This Row],[Dato]] -> #REF! | AB3: {=IFERROR(_xlfn._xlws.FILTER($Q$1:$Y$1,t_tp[[#This Row],[ahh]:[lev]]=LARGE(t_tp[[#This Row],[ahh]:[lev]],1)),"")} | AL3: =AA3 -> #REF! | AM3: {=IFERROR(_xlfn._xlws.FILTER($Q$1:$Y$1,t_tp[[#This Row],[ahh]:[lev]]=SMALL(t_tp[[#This Row],[ahh]:[lev]],1)),"")}
A4: 3 | B4: =#REF! -> #REF! | C4: =_xlfn.XLOOKUP(t_rang[[#This Row],[Dato]],#REF!,#REF!) -> #REF! | D4: =_xlfn.XLOOKUP(t_rang[[#This Row],[Dato]],#REF!,#REF!) -> #REF! | E4: =_xlfn.XLOOKUP(t_rang[[#This Row],[Dato]],#REF!,#REF!) -> #REF! | F4: =_xlfn.XLOOKUP(t_rang[[#This Row],[Dato]],#REF!,#REF!) -> #REF! | G4: =_xlfn.XLOOKUP(t_rang[[#This Row],[Dato]],#REF!,#REF!) -> #REF! | H4: =_xlfn.XLOOKUP(t_rang[[#This Row],[Dato]],#REF!,#REF!) -> #REF! | I4: =_xlfn.XLOOKUP(t_rang[[#This Row],[Dato]],#REF!,#REF!) -> #REF! | J4: =_xlfn.XLOOKUP(t_rang[[#This Row],[Dato]],#REF!,#REF!) -> #REF! | K4: =_xlfn.XLOOKUP(t_rang[[#This Row],[Dato]],#REF!,#REF!) -> #REF! | P4: =#REF! -> #REF! | Q4: =#REF! -> #REF! | R4: =#REF! -> #REF! | S4: =#REF! -> #REF! | T4: =#REF! -> #REF! | U4: =#REF! -> #REF! | V4: =#REF! -> #REF! | W4: =#REF! -> #REF! | ... Y4: =#REF! -> #REF! | AA4: =t_tp[[#This Row],[Dato]] -> #REF! | AB4: {=IFERROR(_xlfn._xlws.FILTER($Q$1:$Y$1,t_tp[[#This Row],[ahh]:[lev]]=LARGE(t_tp[[#This Row],[ahh]:[lev]],1)),"")} | AL4: =AA4 -> #REF! | AM4: {=IFERROR(_xlfn._xlws.FILTER($Q$1:$Y$1,t_tp[[#This Row],[ahh]:[lev]]=SMALL(t_tp[[#This Row],[ahh]:[lev]],1)),"")}
A5: 4 | B5: =#REF! -> #REF! | C5: =_xlfn.XLOOKUP(t_rang[[#This Row],[Dato]],#REF!,#REF!) -> #REF! | D5: =_xlfn.XLOOKUP(t_rang[[#This Row],[Dato]],#REF!,#REF!) -> #REF! | E5: =_xlfn.XLOOKUP(t_rang[[#This Row],[Dato]],#REF!,#REF!) -> #REF! | F5: =_xlfn.XLOOKUP(t_rang[[#This Row],[Dato]],#REF!,#REF!) -> #REF! | G5: =_xlfn.XLOOKUP(t_rang[[#This Row],[Dato]],#REF!,#REF!) -> #REF! | H5: =_xlfn.XLOOKUP(t_rang[[#This Row],[Dato]],#REF!,#REF!) -> #REF! | I5: =_xlfn.XLOOKUP(t_rang[[#This Row],[Dato]],#REF!,#REF!) -> #REF! | J5: =_xlfn.XLOOKUP(t_rang[[#This Row],[Dato]],#REF!,#REF!) -> #REF! | K5: =_xlfn.XLOOKUP(t_rang[[#This Row],[Dato]],#REF!,#REF!) -> #REF! | P5: =#REF! -> #REF! | Q5: =#REF! -> #REF! | R5: =#REF! -> #REF! | S5: =#REF! -> #REF! | T5: =#REF! -> #REF! | U5: =#REF! -> #REF! | V5: =#REF! -> #REF! | W5: =#REF! -> #REF! | ... Y5: =#REF! -> #REF! | AA5: =t_tp[[#This Row],[Dato]] -> #REF! | AB5: {=IFERROR(_xlfn._xlws.FILTER($Q$1:$Y$1,t_tp[[#This Row],[ahh]:[lev]]=LARGE(t_tp[[#This Row],[ahh]:[lev]],1)),"")} | AL5: =AA5 -> #REF! | AM5: {=IFERROR(_xlfn._xlws.FILTER($Q$1:$Y$1,t_tp[[#This Row],[ahh]:[lev]]=SMALL(t_tp[[#This Row],[ahh]:[lev]],1)),"")}
A6: 5 | B6: =#REF! -> #REF! | C6: =_xlfn.XLOOKUP(t_rang[[#This Row],[Dato]],#REF!,#REF!) -> #REF! | D6: =_xlfn.XLOOKUP(t_rang[[#This Row],[Dato]],#REF!,#REF!) -> #REF! | E6: =_xlfn.XLOOKUP(t_rang[[#This Row],[Dato]],#REF!,#REF!) -> #REF! | F6: =_xlfn.XLOOKUP(t_rang[[#This Row],[Dato]],#REF!,#REF!) -> #REF! | G6: =_xlfn.XLOOKUP(t_rang[[#This Row],[Dato]],#REF!,#REF!) -> #REF! | H6: =_xlfn.XLOOKUP(t_rang[[#This Row],[Dato]],#REF!,#REF!) -> #REF! | I6: =_xlfn.XLOOKUP(t_rang[[#This Row],[Dato]],#REF!,#REF!) -> #REF! | J6: =_xlfn.XLOOKUP(t_rang[[#This Row],[Dato]],#REF!,#REF!) -> #REF! | K6: =_xlfn.XLOOKUP(t_rang[[#This Row],[Dato]],#REF!,#REF!) -> #REF! | P6: =#REF! -> #REF! | Q6: =#REF! -> #REF! | R6: =#REF! -> #REF! | S6: =#REF! -> #REF! | T6: =#REF! -> #REF! | U6: =#REF! -> #REF! | V6: =#REF! -> #REF! | W6: =#REF! -> #REF! | ... Y6: =#REF! -> #REF! | AA6: =t_tp[[#This Row],[Dato]] -> #REF! | AB6: {=IFERROR(_xlfn._xlws.FILTER($Q$1:$Y$1,t_tp[[#This Row],[ahh]:[lev]]=LARGE(t_tp[[#This Row],[ahh]:[lev]],1)),"")} | AL6: =AA6 -> #REF! | AM6: {=IFERROR(_xlfn._xlws.FILTER($Q$1:$Y$1,t_tp[[#This Row],[ahh]:[lev]]=SMALL(t_tp[[#This Row],[ahh]:[lev]],1)),"")}
A7: 6 | B7: =#REF! -> #REF! | C7: =_xlfn.XLOOKUP(t_rang[[#This Row],[Dato]],#REF!,#REF!) -> #REF! | D7: =_xlfn.XLOOKUP(t_rang[[#This Row],[Dato]],#REF!,#REF!) -> #REF! | E7: =_xlfn.XLOOKUP(t_rang[[#This Row],[Dato]],#REF!,#REF!) -> #REF! | F7: =_xlfn.XLOOKUP(t_rang[[#This Row],[Dato]],#REF!,#REF!) -> #REF! | G7: =_xlfn.XLOOKUP(t_rang[[#This Row],[Dato]],#REF!,#REF!) -> #REF! | H7: =_xlfn.XLOOKUP(t_rang[[#This Row],[Dato]],#REF!,#REF!) -> #REF! | I7: =_xlfn.XLOOKUP(t_rang[[#This Row],[Dato]],#REF!,#REF!) -> #REF! | J7: =_xlfn.XLOOKUP(t_rang[[#This Row],[Dato]],#REF!,#REF!) -> #REF! | K7: =_xlfn.XLOOKUP(t_rang[[#This Row],[Dato]],#REF!,#REF!) -> #REF! | P7: =#REF! -> #REF! | Q7: =#REF! -> #REF! | R7: =#REF! -> #REF! | S7: =#REF! -> #REF! | T7: =#REF! -> #REF! | U7: =#REF! -> #REF! | V7: =#REF! -> #REF! | W7: =#REF! -> #REF! | ... Y7: =#REF! -> #REF! | AA7: =t_tp[[#This Row],[Dato]] -> #REF! | AB7: {=IFERROR(_xlfn._xlws.FILTER($Q$1:$Y$1,t_tp[[#This Row],[ahh]:[lev]]=LARGE(t_tp[[#This Row],[ahh]:[lev]],1)),"")} | AL7: =AA7 -> #REF! | AM7: {=IFERROR(_xlfn._xlws.FILTER($Q$1:$Y$1,t_tp[[#This Row],[ahh]:[lev]]=SMALL(t_tp[[#This Row],[ahh]:[lev]],1)),"")}
A8: 7 | B8: =#REF! -> #REF! | C8: =_xlfn.XLOOKUP(t_rang[[#This Row],[Dato]],#REF!,#REF!) -> #REF! | D8: =_xlfn.XLOOKUP(t_rang[[#This Row],[Dato]],#REF!,#REF!) -> #REF! | E8: =_xlfn.XLOOKUP(t_rang[[#This Row],[Dato]],#REF!,#REF!) -> #REF! | F8: =_xlfn.XLOOKUP(t_rang[[#This Row],[Dato]],#REF!,#REF!) -> #REF! | G8: =_xlfn.XLOOKUP(t_rang[[#This Row],[Dato]],#REF!,#REF!) -> #REF! | H8: =_xlfn.XLOOKUP(t_rang[[#This Row],[Dato]],#REF!,#REF!) -> #REF! | I8: =_xlfn.XLOOKUP(t_rang[[#This Row],[Dato]],#REF!,#REF!) -> #REF! | J8: =_xlfn.XLOOKUP(t_rang[[#This Row],[Dato]],#REF!,#REF!) -> #REF! | K8: =_xlfn.XLOOKUP(t_rang[[#This Row],[Dato]],#REF!,#REF!) -> #REF! | P8: =#REF! -> #REF! | Q8: =#REF! -> #REF! | R8: =#REF! -> #REF! | S8: =#REF! -> #REF! | T8: =#REF! -> #REF! | U8: =#REF! -> #REF! | V8: =#REF! -> #REF! | W8: =#REF! -> #REF! | ... Y8: =#REF! -> #REF! | AA8: =t_tp[[#This Row],[Dato]] -> #REF! | AB8: {=IFERROR(_xlfn._xlws.FILTER($Q$1:$Y$1,t_tp[[#This Row],[ahh]:[lev]]=LARGE(t_tp[[#This Row],[ahh]:[lev]],1)),"")} | AL8: =AA8 -> #REF! | AM8: {=IFERROR(_xlfn._xlws.FILTER($Q$1:$Y$1,t_tp[[#This Row],[ahh]:[lev]]=SMALL(t_tp[[#This Row],[ahh]:[lev]],1)),"")}
A9: 8 | B9: =#REF! -> #REF! | C9: =_xlfn.XLOOKUP(t_rang[[#This Row],[Dato]],#REF!,#REF!) -> #REF! | D9: =_xlfn.XLOOKUP(t_rang[[#This Row],[Dato]],#REF!,#REF!) -> #REF! | E9: =_xlfn.XLOOKUP(t_rang[[#This Row],[Dato]],#REF!,#REF!) -> #REF! | F9: =_xlfn.XLOOKUP(t_rang[[#This Row],[Dato]],#REF!,#REF!) -> #REF! | G9: =_xlfn.XLOOKUP(t_rang[[#This Row],[Dato]],#REF!,#REF!) -> #REF! | H9: =_xlfn.XLOOKUP(t_rang[[#This Row],[Dato]],#REF!,#REF!) -> #REF! | I9: =_xlfn.XLOOKUP(t_rang[[#This Row],[Dato]],#REF!,#REF!) -> #REF! | J9: =_xlfn.XLOOKUP(t_rang[[#This Row],[Dato]],#REF!,#REF!) -> #REF! | K9: =_xlfn.XLOOKUP(t_rang[[#This Row],[Dato]],#REF!,#REF!) -> #REF! | P9: =#REF! -> #REF! | Q9: =#REF! -> #REF! | R9: =#REF! -> #REF! | S9: =#REF! -> #REF! | T9: =#REF! -> #REF! | U9: =#REF! -> #REF! | V9: =#REF! -> #REF! | W9: =#REF! -> #REF! | ... Y9: =#REF! -> #REF! | AA9: =t_tp[[#This Row],[Dato]] -> #REF! | AB9: {=IFERROR(_xlfn._xlws.FILTER($Q$1:$Y$1,t_tp[[#This Row],[ahh]:[lev]]=LARGE(t_tp[[#This Row],[ahh]:[lev]],1)),"")} | AL9: =AA9 -> #REF! | AM9: {=IFERROR(_xlfn._xlws.FILTER($Q$1:$Y$1,t_tp[[#This Row],[ahh]:[lev]]=SMALL(t_tp[[#This Row],[ahh]:[lev]],1)),"")}
A10: 9 | B10: =#REF! -> #REF! | C10: =_xlfn.XLOOKUP(t_rang[[#This Row],[Dato]],#REF!,#REF!) -> #REF! | D10: =_xlfn.XLOOKUP(t_rang[[#This Row],[Dato]],#REF!,#REF!) -> #REF! | E10: =_xlfn.XLOOKUP(t_rang[[#This Row],[Dato]],#REF!,#REF!) -> #REF! | F10: =_xlfn.XLOOKUP(t_rang[[#This Row],[Dato]],#REF!,#REF!) -> #REF! | G10: =_xlfn.XLOOKUP(t_rang[[#This Row],[Dato]],#REF!,#REF!) -> #REF! | H10: =_xlfn.XLOOKUP(t_rang[[#This Row],[Dato]],#REF!,#REF!) -> #REF! | I10: =_xlfn.XLOOKUP(t_rang[[#This Row],[Dato]],#REF!,#REF!) -> #REF! | J10: =_xlfn.XLOOKUP(t_rang[[#This Row],[Dato]],#REF!,#REF!) -> #REF! | K10: =_xlfn.XLOOKUP(t_rang[[#This Row],[Dato]],#REF!,#REF!) -> #REF! | P10: =#REF! -> #REF! | Q10: =#REF! -> #REF! | R10: =#REF! -> #REF! | S10: =#REF! -> #REF! | T10: =#REF! -> #REF! | U10: =#REF! -> #REF! | V10: =#REF! -> #REF! | W10: =#REF! -> #REF! | ... Y10: =#REF! -> #REF! | AA10: =t_tp[[#This Row],[Dato]] -> #REF! | AB10: {=IFERROR(_xlfn._xlws.FILTER($Q$1:$Y$1,t_tp[[#This Row],[ahh]:[lev]]=LARGE(t_tp[[#This Row],[ahh]:[lev]],1)),"")} | AL10: =AA10 -> #REF! | AM10: {=IFERROR(_xlfn._xlws.FILTER($Q$1:$Y$1,t_tp[[#This Row],[ahh]:[lev]]=SMALL(t_tp[[#This Row],[ahh]:[lev]],1)),"")}
A11: 10 | B11: =#REF! -> #REF! | C11: =_xlfn.XLOOKUP(t_rang[[#This Row],[Dato]],#REF!,#REF!) -> #REF! | D11: =_xlfn.XLOOKUP(t_rang[[#This Row],[Dato]],#REF!,#REF!) -> #REF! | E11: =_xlfn.XLOOKUP(t_rang[[#This Row],[Dato]],#REF!,#REF!) -> #REF! | F11: =_xlfn.XLOOKUP(t_rang[[#This Row],[Dato]],#REF!,#REF!) -> #REF! | G11: =_xlfn.XLOOKUP(t_rang[[#This Row],[Dato]],#REF!,#REF!) -> #REF! | H11: =_xlfn.XLOOKUP(t_rang[[#This Row],[Dato]],#REF!,#REF!) -> #REF! | I11: =_xlfn.XLOOKUP(t_rang[[#This Row],[Dato]],#REF!,#REF!) -> #REF! | J11: =_xlfn.XLOOKUP(t_rang[[#This Row],[Dato]],#REF!,#REF!) -> #REF! | K11: =_xlfn.XLOOKUP(t_rang[[#This Row],[Dato]],#REF!,#REF!) -> #REF! | P11: =#REF! -> #REF! | Q11: =#REF! -> #REF! | R11: =#REF! -> #REF! | S11: =#REF! -> #REF! | T11: =#REF! -> #REF! | U11: =#REF! -> #REF! | V11: =#REF! -> #REF! | W11: =#REF! -> #REF! | ... Y11: =#REF! -> #REF! | AA11: =t_tp[[#This Row],[Dato]] -> #REF! | AB11: {=IFERROR(_xlfn._xlws.FILTER($Q$1:$Y$1,t_tp[[#This Row],[ahh]:[lev]]=LARGE(t_tp[[#This Row],[ahh]:[lev]],1)),"")} | AL11: =AA11 -> #REF! | AM11: {=IFERROR(_xlfn._xlws.FILTER($Q$1:$Y$1,t_tp[[#This Row],[ahh]:[lev]]=SMALL(t_tp[[#This Row],[ahh]:[lev]],1)),"")}
A12: 11 | B12: =#REF! -> #REF! | C12: =_xlfn.XLOOKUP(t_rang[[#This Row],[Dato]],#REF!,#REF!) -> #REF! | D12: =_xlfn.XLOOKUP(t_rang[[#This Row],[Dato]],#REF!,#REF!) -> #REF! | E12: =_xlfn.XLOOKUP(t_rang[[#This Row],[Dato]],#REF!,#REF!) -> #REF! | F12: =_xlfn.XLOOKUP(t_rang[[#This Row],[Dato]],#REF!,#REF!) -> #REF! | G12: =_xlfn.XLOOKUP(t_rang[[#This Row],[Dato]],#REF!,#REF!) -> #REF! | H12: =_xlfn.XLOOKUP(t_rang[[#This Row],[Dato]],#REF!,#REF!) -> #REF! | I12: =_xlfn.XLOOKUP(t_rang[[#This Row],[Dato]],#REF!,#REF!) -> #REF! | J12: =_xlfn.XLOOKUP(t_rang[[#This Row],[Dato]],#REF!,#REF!) -> #REF! | K12: =_xlfn.XLOOKUP(t_rang[[#This Row],[Dato]],#REF!,#REF!) -> #REF! | P12: =#REF! -> #REF! | Q12: =#REF! -> #REF! | R12: =#REF! -> #REF! | S12: =#REF! -> #REF! | T12: =#REF! -> #REF! | U12: =#REF! -> #REF! | V12: =#REF! -> #REF! | W12: =#REF! -> #REF! | ... Y12: =#REF! -> #REF! | AA12: =t_tp[[#This Row],[Dato]] -> #REF! | AB12: {=IFERROR(_xlfn._xlws.FILTER($Q$1:$Y$1,t_tp[[#This Row],[ahh]:[lev]]=LARGE(t_tp[[#This Row],[ahh]:[lev]],1)),"")} | AL12: =AA12 -> #REF! | AM12: {=IFERROR(_xlfn._xlws.FILTER($Q$1:$Y$1,t_tp[[#This Row],[ahh]:[lev]]=SMALL(t_tp[[#This Row],[ahh]:[lev]],1)),"")}
A13: 12 | B13: =#REF! -> #REF! | C13: =_xlfn.XLOOKUP(t_rang[[#This Row],[Dato]],#REF!,#REF!) -> #REF! | D13: =_xlfn.XLOOKUP(t_rang[[#This Row],[Dato]],#REF!,#REF!) -> #REF! | E13: =_xlfn.XLOOKUP(t_rang[[#This Row],[Dato]],#REF!,#REF!) -> #REF! | F13: =_xlfn.XLOOKUP(t_rang[[#This Row],[Dato]],#REF!,#REF!) -> #REF! | G13: =_xlfn.XLOOKUP(t_rang[[#This Row],[Dato]],#REF!,#REF!) -> #REF! | H13: =_xlfn.XLOOKUP(t_rang[[#This Row],[Dato]],#REF!,#REF!) -> #REF! | I13: =_xlfn.XLOOKUP(t_rang[[#This Row],[Dato]],#REF!,#REF!) -> #REF! | J13: =_xlfn.XLOOKUP(t_rang[[#This Row],[Dato]],#REF!,#REF!) -> #REF! | K13: =_xlfn.XLOOKUP(t_rang[[#This Row],[Dato]],#REF!,#REF!) -> #REF! | P13: =#REF! -> #REF! | Q13: =#REF! -> #REF! | R13: =#REF! -> #REF! | S13: =#REF! -> #REF! | T13: =#REF! -> #REF! | U13: =#REF! -> #REF! | V13: =#REF! -> #REF! | W13: =#REF! -> #REF! | ... Y13: =#REF! -> #REF! | AA13: =t_tp[[#This Row],[Dato]] -> #REF! | AB13: {=IFERROR(_xlfn._xlws.FILTER($Q$1:$Y$1,t_tp[[#This Row],[ahh]:[lev]]=LARGE(t_tp[[#This Row],[ahh]:[lev]],1)),"")} | AL13: =AA13 -> #REF! | AM13: {=IFERROR(_xlfn._xlws.FILTER($Q$1:$Y$1,t_tp[[#This Row],[ahh]:[lev]]=SMALL(t_tp[[#This Row],[ahh]:[lev]],1)),"")}
... A42: 41 | B42: =#REF! -> #REF! | C42: =_xlfn.XLOOKUP(t_rang[[#This Row],[Dato]],#REF!,#REF!) -> #REF! | D42: =_xlfn.XLOOKUP(t_rang[[#This Row],[Dato]],#REF!,#REF!) -> #REF! | E42: =_xlfn.XLOOKUP(t_rang[[#This Row],[Dato]],#REF!,#REF!) -> #REF! | F42: =_xlfn.XLOOKUP(t_rang[[#This Row],[Dato]],#REF!,#REF!) -> #REF! | G42: =_xlfn.XLOOKUP(t_rang[[#This Row],[Dato]],#REF!,#REF!) -> #REF! | H42: =_xlfn.XLOOKUP(t_rang[[#This Row],[Dato]],#REF!,#REF!) -> #REF! | I42: =_xlfn.XLOOKUP(t_rang[[#This Row],[Dato]],#REF!,#REF!) -> #REF! | J42: =_xlfn.XLOOKUP(t_rang[[#This Row],[Dato]],#REF!,#REF!) -> #REF! | K42: =_xlfn.XLOOKUP(t_rang[[#This Row],[Dato]],#REF!,#REF!) -> #REF! | P42: =#REF! -> #REF! | Q42: =#REF! -> #REF! | R42: =#REF! -> #REF! | S42: =#REF! -> #REF! | T42: =#REF! -> #REF! | U42: =#REF! -> #REF! | V42: =#REF! -> #REF! | W42: =#REF! -> #REF! | ... Y42: =#REF! -> #REF! | AA42: =t_tp[[#This Row],[Dato]] -> #REF! | AB42: {=IFERROR(_xlfn._xlws.FILTER($Q$1:$Y$1,t_tp[[#This Row],[ahh]:[lev]]=LARGE(t_tp[[#This Row],[ahh]:[lev]],1)),"")} | AL42: =AA42 -> #REF! | AM42: {=IFERROR(_xlfn._xlws.FILTER($Q$1:$Y$1,t_tp[[#This Row],[ahh]:[lev]]=SMALL(t_tp[[#This Row],[ahh]:[lev]],1)),"")}
A43: 42
A44: 43
A45: 44
A46: 45
A47: 46
A48: 47
A49: 48
A50: 49
A51: 50
A52: 51
A53: 52
A54: 53
... A157: 156

Sheet Hjelpeark
A1: =#REF! -> #REF! | I1: Dynamisk graf TP | K1: Dynamisk graf Plassering | M1: 22 | O1: Rank graf | P1: Sum graf
A2: =#REF! -> #REF! | H2: =IFERROR(IF(I2="","",#REF!),"") | I2: {=IF(#REF!="Karl-Arne Frantzen",#REF!,IF(#REF!="Øyvind Granberg",#REF!,IF(#REF!="Rune Bjermeland",#REF!,IF(#REF!="Endre Brekkhus",#REF!,IF(#REF!="Jim Holm",#REF!,IF(#REF!="Tor Olav Håker",#REF!,IF(#REF!="UTG",#REF!,IF(#REF!="Alf Henrik Håker",#REF!,IF(#REF!="Levert Rekke",#REF!)))))))))} -> #REF! | J2: =H2 | K2: {=IF(#REF!="Karl-Arne Frantzen",#REF!,IF(#REF!="Øyvind Granberg",#REF!,IF(#REF!="Rune Bjermeland",#REF!,IF(#REF!="Endre Brekkhus",#REF!,IF(#REF!="Jim Holm",#REF!,IF(#REF!="Tor Olav Håker",#REF!,IF(#REF!="Alf Henrik Håker",#REF!,IF(#REF!="Levert rekke",#REF!,))))))))} -> #REF! | L2: =#REF! -> #REF! | O2: =IFERROR(IF(I2="",#N/A,K2),#N/A) -> #N/A | P2: =IFERROR(IF(I2="",#N/A,I2),#N/A) -> #N/A
A3: =#REF! -> #REF! | B3: Sheetlist | H3: =IFERROR(IF(I3="","",#REF!),"") | J3: =H3 | L3: =L2+$M$1 -> #REF! | O3: =IFERROR(IF(I3="",#N/A,K3),#N/A) -> #N/A | P3: =IFERROR(IF(I3="",#N/A,I3),#N/A) -> #N/A
A4: =#REF! -> #REF! | B4: f_ahh | H4: =IFERROR(IF(I4="","",#REF!),"") | J4: =H4 | L4: =L3+$M$1 -> #REF! | O4: =IFERROR(IF(I4="",#N/A,K4),#N/A) -> #N/A | P4: =IFERROR(IF(I4="",#N/A,I4),#N/A) -> #N/A
A5: =#REF! -> #REF! | B5: f_rb | H5: =IFERROR(IF(I5="","",#REF!),"") | J5: =H5 | L5: =L4+$M$1 -> #REF! | O5: =IFERROR(IF(I5="",#N/A,K5),#N/A) -> #N/A | P5: =IFERROR(IF(I5="",#N/A,I5),#N/A) -> #N/A
A6: =#REF! -> #REF! | B6: f_eb | H6: =IFERROR(IF(I6="","",#REF!),"") | J6: =H6 | L6: =L5+$M$1 -> #REF! | O6: =IFERROR(IF(I6="",#N/A,K6),#N/A) -> #N/A | P6: =IFERROR(IF(I6="",#N/A,I6),#N/A) -> #N/A
A7: =#REF! -> #REF! | B7: f_kaf | H7: =IFERROR(IF(I7="","",#REF!),"") | J7: =H7 | L7: =L6+$M$1 -> #REF! | O7: =IFERROR(IF(I7="",#N/A,K7),#N/A) -> #N/A | P7: =IFERROR(IF(I7="",#N/A,I7),#N/A) -> #N/A
A8: =#REF! -> #REF! | B8: f_øg | H8: =IFERROR(IF(I8="","",#REF!),"") | J8: =H8 | L8: =L7+$M$1 -> #REF! | O8: =IFERROR(IF(I8="",#N/A,K8),#N/A) -> #N/A | P8: =IFERROR(IF(I8="",#N/A,I8),#N/A) -> #N/A
A9: =#REF! -> #REF! | B9: f_jh | H9: =IFERROR(IF(I9="","",#REF!),"") | J9: =H9 | L9: =L8+$M$1 -> #REF! | O9: =IFERROR(IF(I9="",#N/A,K9),#N/A) -> #N/A | P9: =IFERROR(IF(I9="",#N/A,I9),#N/A) -> #N/A
A10: =#REF! -> #REF! | B10: f_toh | H10: =IFERROR(IF(I10="","",#REF!),"") | J10: =H10 | L10: =L9+$M$1 -> #REF! | O10: =IFERROR(IF(I10="",#N/A,K10),#N/A) -> #N/A | P10: =IFERROR(IF(I10="",#N/A,I10),#N/A) -> #N/A
A11: =#REF! -> #REF! | B11: f_utg | H11: =IFERROR(IF(I11="","",#REF!),"") | J11: =H11 | L11: =L10+$M$1 -> #REF! | O11: =IFERROR(IF(I11="",#N/A,K11),#N/A) -> #N/A | P11: =IFERROR(IF(I11="",#N/A,I11),#N/A) -> #N/A
A12: =#REF! -> #REF! | B12: f_lev | H12: =IFERROR(IF(I12="","",#REF!),"") | J12: =H12 | L12: =L11+$M$1 -> #REF! | O12: =IFERROR(IF(I12="",#N/A,K12),#N/A) -> #N/A | P12: =IFERROR(IF(I12="",#N/A,I12),#N/A) -> #N/A
A13: =#REF! -> #REF! | H13: =IFERROR(IF(I13="","",#REF!),"") | J13: =H13 | L13: =L12+$M$1 -> #REF! | O13: =IFERROR(IF(I13="",#N/A,K13),#N/A) -> #N/A | P13: =IFERROR(IF(I13="",#N/A,I13),#N/A) -> #N/A
A14: =#REF! -> #REF! | H14: =IFERROR(IF(I14="","",#REF!),"") | J14: =H14 | L14: =L13+$M$1 -> #REF! | O14: =IFERROR(IF(I14="",#N/A,K14),#N/A) -> #N/A | P14: =IFERROR(IF(I14="",#N/A,I14),#N/A) -> #N/A
A15: =#REF! -> #REF! | H15: =IFERROR(IF(I15="","",#REF!),"") | J15: =H15 | L15: =L14+$M$1 -> #REF! | O15: =IFERROR(IF(I15="",#N/A,K15),#N/A) -> #N/A | P15: =IFERROR(IF(I15="",#N/A,I15),#N/A) -> #N/A
A16: =#REF! -> #REF! | H16: =IFERROR(IF(I16="","",#REF!),"") | J16: =H16 | L16: =L15+$M$1 -> #REF! | O16: =IFERROR(IF(I16="",#N/A,K16),#N/A) -> #N/A | P16: =IFERROR(IF(I16="",#N/A,I16),#N/A) -> #N/A
A17: =#REF! -> #REF! | H17: =IFERROR(IF(I17="","",#REF!),"") | J17: =H17 | L17: =L16+$M$1 -> #REF! | O17: =IFERROR(IF(I17="",#N/A,K17),#N/A) -> #N/A | P17: =IFERROR(IF(I17="",#N/A,I17),#N/A) -> #N/A
A18: =#REF! -> #REF! | H18: =IFERROR(IF(I18="","",#REF!),"") | J18: =H18 | L18: =L17+$M$1 -> #REF! | O18: =IFERROR(IF(I18="",#N/A,K18),#N/A) -> #N/A | P18: =IFERROR(IF(I18="",#N/A,I18),#N/A) -> #N/A
A19: =#REF! -> #REF! | H19: =IFERROR(IF(I19="","",#REF!),"") | J19: =H19 | L19: =L18+$M$1 -> #REF! | O19: =IFERROR(IF(I19="",#N/A,K19),#N/A) -> #N/A | P19: =IFERROR(IF(I19="",#N/A,I19),#N/A) -> #N/A
A20: =#REF! -> #REF! | H20: =IFERROR(IF(I20="","",#REF!),"") | J20: =H20 | L20: =L19+$M$1 -> #REF! | O20: =IFERROR(IF(I20="",#N/A,K20),#N/A) -> #N/A | P20: =IFERROR(IF(I20="",#N/A,I20),#N/A) -> #N/A
A21: =#REF! -> #REF! | H21: =IFERROR(IF(I21="","",#REF!),"") | J21: =H21 | L21: =L20+$M$1 -> #REF! | O21: =IFERROR(IF(I21="",#N/A,K21),#N/A) -> #N/A | P21: =IFERROR(IF(I21="",#N/A,I21),#N/A) -> #N/A
A22: =#REF! -> #REF! | H22: =IFERROR(IF(I22="","",#REF!),"") | J22: =H22 | L22: =L21+$M$1 -> #REF! | O22: =IFERROR(IF(I22="",#N/A,K22),#N/A) -> #N/A | P22: =IFERROR(IF(I22="",#N/A,I22),#N/A) -> #N/A
A23: =#REF! -> #REF! | H23: =IFERROR(IF(I23="","",#REF!),"") | J23: =H23 | L23: =L22+$M$1 -> #REF! | O23: =IFERROR(IF(I23="",#N/A,K23),#N/A) -> #N/A | P23: =IFERROR(IF(I23="",#N/A,I23),#N/A) -> #N/A
A24: =#REF! -> #REF! | H24: =IFERROR(IF(I24="","",#REF!),"") | J24: =H24 | L24: =L23+$M$1 -> #REF! | O24: =IFERROR(IF(I24="",#N/A,K24),#N/A) -> #N/A | P24: =IFERROR(IF(I24="",#N/A,I24),#N/A) -> #N/A
... A42: =#REF! -> #REF! | H42: =IFERROR(IF(I42="","",#REF!),"") | J42: =H42 | L42: =L41+$M$1 -> #REF! | O42: =IFERROR(IF(I42="",#N/A,K42),#N/A) -> #N/A | P42: =IFERROR(IF(I42="",#N/A,I42),#N/A) -> #N/A
H43: =IFERROR(IF(I43="","",#REF!),"") | J43: =H43
H44: =IFERROR(IF(I44="","",#REF!),"") | J44: =H44
H45: =IFERROR(IF(I45="","",#REF!),"") | J45: =H45
H46: =IFERROR(IF(I46="","",#REF!),"") | J46: =H46
H47: =IFERROR(IF(I47="","",#REF!),"") | J47: =H47
H48: =IFERROR(IF(I48="","",#REF!),"") | J48: =H48
H49: =IFERROR(IF(I49="","",#REF!),"") | J49: =H49
H50: =IFERROR(IF(I50="","",#REF!),"") | J50: =H50
H51: =IFERROR(IF(I51="","",#REF!),"") | J51: =H51
H52: =IFERROR(IF(I52="","",#REF!),"") | J52: =H52
H53: =IFERROR(IF(I53="","",#REF!),"") | J53: =H53
H54: =IFERROR(IF(I54="","",#REF!),"") | J54: =H54
... H157: =IFERROR(IF(I157="","",#REF!),"") | J157: =H157

Sheet Historikk
C3: =#REF! -> #REF! | N3: All Time High 2025 | Q3: All time high 2024 | T3: All time high 2023 | W3: All time high 2022 | Z3: All Time High 2021 | AC3: All time high 2020 | AG3: All time high 2019 | AJ3: All time high 2018 | AM3: All time high 2017 | AP3: All time high 2016 | AS3: All time high 2015 | AV3: All time high 2014 | AY3: All time high 2013 | BB3: All time high 2012 | BE3: All time high 2011 | BH3: All time high 2010
N4: EB | O4: 670 | Q4: EB | R4: 640 | T4: EB | U4: 590 | W4: EB | X4: 686 | Z4: JH | AA4: 553 | AC4: JH | AD4: 754 | AG4: RB | AH4: 969 | AJ4: AHH | AK4: 734 | AM4: ØG | AN4: 639 | AP4: JH | AQ4: 618 | AS4: TOH | AT4: 661 | AV4: AHH | AW4: 644 | AY4: KAF | AZ4: 637 | BB4: TOH | BC4: 651 | BE4: EB | BF4: 609 | BH4: EB | BI4: 168
C5: Hjemmepoeng | D5: =SUMIF(#REF!,"<>#I/T") -> #REF! | N5: ØG | O5: 720 | Q5: ØG | R5: 660 | T5: ØG | U5: 710 | W5: ØG | X5: 680 | Z5: TOH | AA5: 547 | AC5: KAF | AD5: 488 | AG5: KAF | AH5: 957 | AJ5: KAF | AK5: 673 | AM5: RB | AN5: 630 | AP5: TOH | AQ5: 616 | AS5: AHH | AT5: 644 | AV5: KAF | AW5: 537 | AY5: AHH | AZ5: 621 | BB5: ØG | BC5: 604 | BE5: JH | BF5: 598 | BH5: RB | BI5: 169
C6: Uavgjortpoeng | D6: =SUMIF(#REF!,"<>#I/T") -> #REF! | N6: AHH | O6: 590 | Q6: AHH | R6: 630 | T6: AHH | U6: 610 | W6: AHH | X6: 618 | Z6: EB | AA6: 538 | AC6: ØG | AD6: 541 | AG6: TOH | AH6: 955 | AJ6: ØG | AK6: 665 | AM6: EB | AN6: 598 | AP6: RB | AQ6: 589 | AS6: EB | AT6: 628 | AV6: EB | AW6: 498 | AY6: RB | AZ6: 611 | BB6: JH | BC6: 596 | BE6: AHH | BF6: 592 | BH6: JH | BI6: 192
C7: Bortepoeng | D7: =SUMIF(#REF!,"<>#I/T") -> #REF! | N7: JH | O7: 630 | Q7: JH | R7: 640 | T7: JH | U7: 580 | W7: JH | X7: 565 | Z7: KAF | AA7: 538 | AC7: EB | AD7: 612 | AG7: EB | AH7: 724 | AJ7: RB | AK7: 647 | AM7: KAF | AN7: 581 | AP7: EB | AQ7: 578 | AS7: KAF | AT7: 615 | AV7: RB | AW7: 487 | AY7: JH | AZ7: 565 | BB7: EB | BC7: 582 | BE7: ØG | BF7: 585 | BH7: KAF | BI7: 234
C8: Straffepoeng | D8: =SUMIF(#REF!,"<>#I/T") -> #REF! | N8: RB | O8: 580 | Q8: RB | R8: 660 | T8: RB | U8: 640 | W8: RB | X8: 538 | Z8: ØG | AA8: 538 | AC8: AHH | AD8: 485 | AG8: ØG | AH8: 996 | AJ8: JH | AK8: 635 | AM8: AHH | AN8: 575 | AP8: KAF | AQ8: 561 | AS8: RB | AT8: 606 | AV8: ØG | AW8: 464 | AY8: TOH | AZ8: 557 | BB8: RB | BC8: 571 | BE8: KAF | BF8: 576 | BH8: AHH | BI8: 240
C9: TotalePoeng | D9: =SUMIF(#REF!,"<>#I/T") -> #REF! | N9: KAF | O9: 660 | Q9: KAF | R9: 610 | T9: KAF | U9: 620 | W9: KAF | X9: 494 | Z9: AHH | AA9: 484 | AC9: TOH | AD9: 547 | AG9: JH | AH9: 700 | AJ9: EB | AK9: 534 | AM9: TOH | AN9: 546 | AP9: ØG | AQ9: 542 | AS9: ØG | AT9: 577 | AV9: TOH | AW9: 431 | AY9: EB | AZ9: 517 | BB9: KAF | BC9: 549 | BE9: RB | BF9: 572 | BH9: TOH | BI9: 242
N10: TOH | O10: 640 | Q10: TOH | R10: 610 | T10: TOH | U10: 610 | W10: TOH | X10: 636 | Z10: RB | AA10: 488 | AC10: RB | AD10: 603 | AG10: AHH | AH10: 483 | AJ10: TOH | AK10: 478 | AM10: JH | AN10: 488 | AP10: AHH | AQ10: 535 | AS10: JH | AT10: 543 | AV10: JH | AW10: 415 | AY10: ØG | AZ10: 511 | BB10: AHH | BC10: 521 | BE10: TOH | BF10: 549 | BH10: ØG | BI10: 243
C11: År | D11: AHH | E11: RB | F11: EB | G11: KAF | H11: ØG | I11: JH | J11: TOH | K11: LB
Q12: Tippere | R12: 2025 | S12: 2024 | T12: 2023 | U12: 2022 | V12: 2021 | W12: 2020 | X12: 2019 | Y12: 2018 | Z12: 2017 | AA12: 2016 | AB12: 2015 | AC12: 2014 | AD12: 2013 | AE12: 2012 | AF12: 2011 | AG12: 2010 | AK12: Navn | AL12: Totalt | AO12: 2010 - 2025 årlige ATH | AS12: Antall årlige ATH | AV12: Høyeste Årlige ATH | AX12: År
Q13: AHH | R13: =_xlfn.XLOOKUP($Q13,N$4:N$10,O$4:O$10) -> 590 | S13: =_xlfn.SINGLE(_xlfn.XLOOKUP($Q13,Q$4:Q$10,R$4:R$10)) -> 630 | T13: =_xlfn.SINGLE(_xlfn.XLOOKUP($Q13,T$4:T$10,U$4:U$10)) -> 610 | U13: =_xlfn.SINGLE(_xlfn.XLOOKUP($Q13,W$4:W$10,X$4:X$10)) -> 618 | V13: =_xlfn.SINGLE(_xlfn.XLOOKUP($Q13,Z$4:Z$10,AA$4:AA$10)) -> 484 | W13: =_xlfn.SINGLE(_xlfn.XLOOKUP($Q13,AC$4:AC$10,AD$4:AD$10)) -> 485 | X13: =_xlfn.SINGLE(_xlfn.XLOOKUP($Q13,AG$4:AG$10,AH$4:AH$10)) -> 483 | Y13: =_xlfn.SINGLE(_xlfn.XLOOKUP($Q13,AJ$4:AJ$10,AK$4:AK$10)) -> 734 | Z13: =_xlfn.SINGLE(_xlfn.XLOOKUP($Q13,AM$4:AM$10,AN$4:AN$10)) -> 575 | AA13: =_xlfn.SINGLE(_xlfn.XLOOKUP($Q13,AP$4:AP$10,AQ$4:AQ$10)) -> 535 | AB13: =_xlfn.SINGLE(_xlfn.XLOOKUP($Q13,AS$4:AS$10,AT$4:AT$10)) -> 644 | AC13: =_xlfn.SINGLE(_xlfn.XLOOKUP($Q13,AV$4:AV$10,AW$4:AW$10)) -> 644 | AD13: =_xlfn.SINGLE(_xlfn.XLOOKUP($Q13,AY$4:AY$10,AZ$4:AZ$10)) -> 621 | AE13: =_xlfn.XLOOKUP($Q13,BB$4:BB$10,BC$4:BC$10) -> 521 | AF13: =_xlfn.XLOOKUP($Q13,BE$4:BE$10,BF$4:BF$10) -> 592 | AG13: =_xlfn.XLOOKUP($Q13,BH$4:BH$10,BI$4:BI$10) -> 240 | AK13: =Q13 -> AHH | AL13: =SUM(N13:AK13) -> 9006 | AN13: 1 | AO13: {=_xlfn._xlws.SORT($AK$13:$AL$19,{2;1},-1)} -> ØG | AP13: 9675 | AQ13: BLT | AR13: 1 | AS13: ØG | AT13: =COUNTIFS($R$23:$R$38,AS13) -> 5 | AV13: =LARGE(R13:AG19,1) -> 996 | AW13: =_xlfn.XLOOKUP($AV$13,$Q$23:$Q$38,R23:R38) -> ØG | AX13: =_xlfn.XLOOKUP($AV$13,$Q$23:$Q$38,P23:P38) -> 2019
Q14: RB | R14: =_xlfn.SINGLE(_xlfn.XLOOKUP($Q14,N$4:N$10,O$4:O$10)) -> 580 | S14: =_xlfn.SINGLE(_xlfn.XLOOKUP($Q14,Q$4:Q$10,R$4:R$10)) -> 660 | T14: =_xlfn.SINGLE(_xlfn.XLOOKUP($Q14,T$4:T$10,U$4:U$10)) -> 640 | U14: =_xlfn.SINGLE(_xlfn.XLOOKUP($Q14,W$4:W$10,X$4:X$10)) -> 538 | V14: =_xlfn.SINGLE(_xlfn.XLOOKUP($Q14,Z$4:Z$10,AA$4:AA$10)) -> 488 | W14: =_xlfn.SINGLE(_xlfn.XLOOKUP($Q14,AC$4:AC$10,AD$4:AD$10)) -> 603 | X14: =_xlfn.SINGLE(_xlfn.XLOOKUP($Q14,AG$4:AG$10,AH$4:AH$10)) -> 969 | Y14: =_xlfn.SINGLE(_xlfn.XLOOKUP($Q14,AJ$4:AJ$10,AK$4:AK$10)) -> 647 | Z14: =_xlfn.SINGLE(_xlfn.XLOOKUP($Q14,AM$4:AM$10,AN$4:AN$10)) -> 630 | AA14: =_xlfn.SINGLE(_xlfn.XLOOKUP($Q14,AP$4:AP$10,AQ$4:AQ$10)) -> 589 | AB14: =_xlfn.SINGLE(_xlfn.XLOOKUP($Q14,AS$4:AS$10,AT$4:AT$10)) -> 606 | AC14: =_xlfn.SINGLE(_xlfn.XLOOKUP($Q14,AV$4:AV$10,AW$4:AW$10)) -> 487 | AD14: =_xlfn.SINGLE(_xlfn.XLOOKUP($Q14,AY$4:AY$10,AZ$4:AZ$10)) -> 611 | AE14: =_xlfn.SINGLE(_xlfn.XLOOKUP($Q14,BB$4:BB$10,BC$4:BC$10)) -> 571 | AF14: =_xlfn.SINGLE(_xlfn.XLOOKUP($Q14,BE$4:BE$10,BF$4:BF$10)) -> 572 | AG14: =_xlfn.SINGLE(_xlfn.XLOOKUP($Q14,BH$4:BH$10,BI$4:BI$10)) -> 169 | AK14: =Q14 -> RB | AL14: =SUM(N14:AK14) -> 9360 | AN14: 2 | AO14: RB | AP14: 9360 | AQ14: =$AP$13-AP14 -> 315 | AR14: 2 | AS14: JH | AT14: =COUNTIFS($R$23:$R$38,AS14) -> 4 | AV14: =LARGE(R14:AG20,2) -> 969 | AW14: =_xlfn.XLOOKUP($AV$13,$Q$23:$Q$38,R24:R39) -> AHH | AX14: =_xlfn.XLOOKUP($AV$13,$Q$23:$Q$38,P24:P39) -> 2018
C15: 2002 | Q15: EB | R15: =_xlfn.SINGLE(_xlfn.XLOOKUP($Q15,N$4:N$10,O$4:O$10)) -> 670 | S15: =_xlfn.SINGLE(_xlfn.XLOOKUP($Q15,Q$4:Q$10,R$4:R$10)) -> 640 | T15: =_xlfn.SINGLE(_xlfn.XLOOKUP($Q15,T$4:T$10,U$4:U$10)) -> 590 | U15: =_xlfn.SINGLE(_xlfn.XLOOKUP($Q15,W$4:W$10,X$4:X$10)) -> 686 | V15: =_xlfn.SINGLE(_xlfn.XLOOKUP($Q15,Z$4:Z$10,AA$4:AA$10)) -> 538 | W15: =_xlfn.SINGLE(_xlfn.XLOOKUP($Q15,AC$4:AC$10,AD$4:AD$10)) -> 612 | X15: =_xlfn.SINGLE(_xlfn.XLOOKUP($Q15,AG$4:AG$10,AH$4:AH$10)) -> 724 | Y15: =_xlfn.SINGLE(_xlfn.XLOOKUP($Q15,AJ$4:AJ$10,AK$4:AK$10)) -> 534 | Z15: =_xlfn.SINGLE(_xlfn.XLOOKUP($Q15,AM$4:AM$10,AN$4:AN$10)) -> 598 | AA15: =_xlfn.SINGLE(_xlfn.XLOOKUP($Q15,AP$4:AP$10,AQ$4:AQ$10)) -> 578 | AB15: =_xlfn.SINGLE(_xlfn.XLOOKUP($Q15,AS$4:AS$10,AT$4:AT$10)) -> 628 | AC15: =_xlfn.SINGLE(_xlfn.XLOOKUP($Q15,AV$4:AV$10,AW$4:AW$10)) -> 498 | AD15: =_xlfn.SINGLE(_xlfn.XLOOKUP($Q15,AY$4:AY$10,AZ$4:AZ$10)) -> 517 | AE15: =_xlfn.SINGLE(_xlfn.XLOOKUP($Q15,BB$4:BB$10,BC$4:BC$10)) -> 582 | AF15: =_xlfn.SINGLE(_xlfn.XLOOKUP($Q15,BE$4:BE$10,BF$4:BF$10)) -> 609 | AG15: =_xlfn.SINGLE(_xlfn.XLOOKUP($Q15,BH$4:BH$10,BI$4:BI$10)) -> 168 | AK15: =Q15 -> EB | AL15: =SUM(N15:AK15) -> 9172 | AN15: 3 | AO15: KAF | AP15: 9330 | AQ15: =$AP$13-AP15 -> 345 | AR15: 3 | AS15: EB | AT15: =COUNTIFS($R$23:$R$38,AS15) -> 2 | AV15: =LARGE(R15:AG21,3) -> 955 | AW15: =_xlfn.XLOOKUP($AV$13,$Q$23:$Q$38,R25:R40) -> ØG | AX15: =_xlfn.XLOOKUP($AV$13,$Q$23:$Q$38,P25:P40) -> 2017
C16: 2003 | Q16: KAF | R16: =_xlfn.SINGLE(_xlfn.XLOOKUP($Q16,N$4:N$10,O$4:O$10)) -> 660 | S16: =_xlfn.SINGLE(_xlfn.XLOOKUP($Q16,Q$4:Q$10,R$4:R$10)) -> 610 | T16: =_xlfn.SINGLE(_xlfn.XLOOKUP($Q16,T$4:T$10,U$4:U$10)) -> 620 | U16: =_xlfn.SINGLE(_xlfn.XLOOKUP($Q16,W$4:W$10,X$4:X$10)) -> 494 | V16: =_xlfn.SINGLE(_xlfn.XLOOKUP($Q16,Z$4:Z$10,AA$4:AA$10)) -> 538 | W16: =_xlfn.SINGLE(_xlfn.XLOOKUP($Q16,AC$4:AC$10,AD$4:AD$10)) -> 488 | X16: =_xlfn.SINGLE(_xlfn.XLOOKUP($Q16,AG$4:AG$10,AH$4:AH$10)) -> 957 | Y16: =_xlfn.SINGLE(_xlfn.XLOOKUP($Q16,AJ$4:AJ$10,AK$4:AK$10)) -> 673 | Z16: =_xlfn.SINGLE(_xlfn.XLOOKUP($Q16,AM$4:AM$10,AN$4:AN$10)) -> 581 | AA16: =_xlfn.SINGLE(_xlfn.XLOOKUP($Q16,AP$4:AP$10,AQ$4:AQ$10)) -> 561 | AB16: =_xlfn.SINGLE(_xlfn.XLOOKUP($Q16,AS$4:AS$10,AT$4:AT$10)) -> 615 | AC16: =_xlfn.SINGLE(_xlfn.XLOOKUP($Q16,AV$4:AV$10,AW$4:AW$10)) -> 537 | AD16: =_xlfn.SINGLE(_xlfn.XLOOKUP($Q16,AY$4:AY$10,AZ$4:AZ$10)) -> 637 | AE16: =_xlfn.SINGLE(_xlfn.XLOOKUP($Q16,BB$4:BB$10,BC$4:BC$10)) -> 549 | AF16: =_xlfn.SINGLE(_xlfn.XLOOKUP($Q16,BE$4:BE$10,BF$4:BF$10)) -> 576 | AG16: =_xlfn.SINGLE(_xlfn.XLOOKUP($Q16,BH$4:BH$10,BI$4:BI$10)) -> 234 | AK16: =Q16 -> KAF | AL16: =SUM(N16:AK16) -> 9330 | AN16: 4 | AO16: TOH | AP16: 9276 | AQ16: =$AP$13-AP16 -> 399 | AR16: 4 | AS16: TOH | AT16: =COUNTIFS($R$23:$R$38,AS16) -> 2
C17: 2004 | D17: 880 | E17: 594 | F17: 593 | G17: 819 | H17: 934 | K17: 810 | Q17: ØG | R17: =_xlfn.SINGLE(_xlfn.XLOOKUP($Q17,N$4:N$10,O$4:O$10)) -> 720 | S17: =_xlfn.SINGLE(_xlfn.XLOOKUP($Q17,Q$4:Q$10,R$4:R$10)) -> 660 | T17: =_xlfn.SINGLE(_xlfn.XLOOKUP($Q17,T$4:T$10,U$4:U$10)) -> 710 | U17: =_xlfn.SINGLE(_xlfn.XLOOKUP($Q17,W$4:W$10,X$4:X$10)) -> 680 | V17: =_xlfn.SINGLE(_xlfn.XLOOKUP($Q17,Z$4:Z$10,AA$4:AA$10)) -> 538 | W17: =_xlfn.SINGLE(_xlfn.XLOOKUP($Q17,AC$4:AC$10,AD$4:AD$10)) -> 541 | X17: =_xlfn.SINGLE(_xlfn.XLOOKUP($Q17,AG$4:AG$10,AH$4:AH$10)) -> 996 | Y17: =_xlfn.SINGLE(_xlfn.XLOOKUP($Q17,AJ$4:AJ$10,AK$4:AK$10)) -> 665 | Z17: =_xlfn.SINGLE(_xlfn.XLOOKUP($Q17,AM$4:AM$10,AN$4:AN$10)) -> 639 | AA17: =_xlfn.SINGLE(_xlfn.XLOOKUP($Q17,AP$4:AP$10,AQ$4:AQ$10)) -> 542 | AB17: =_xlfn.SINGLE(_xlfn.XLOOKUP($Q17,AS$4:AS$10,AT$4:AT$10)) -> 577 | AC17: =_xlfn.SINGLE(_xlfn.XLOOKUP($Q17,AV$4:AV$10,AW$4:AW$10)) -> 464 | AD17: =_xlfn.SINGLE(_xlfn.XLOOKUP($Q17,AY$4:AY$10,AZ$4:AZ$10)) -> 511 | AE17: =_xlfn.SINGLE(_xlfn.XLOOKUP($Q17,BB$4:BB$10,BC$4:BC$10)) -> 604 | AF17: =_xlfn.SINGLE(_xlfn.XLOOKUP($Q17,BE$4:BE$10,BF$4:BF$10)) -> 585 | AG17: =_xlfn.SINGLE(_xlfn.XLOOKUP($Q17,BH$4:BH$10,BI$4:BI$10)) -> 243 | AK17: =Q17 -> ØG | AL17: =SUM(N17:AK17) -> 9675 | AN17: 5 | AO17: EB | AP17: 9172 | AQ17: =$AP$13-AP17 -> 503 | AR17: 5 | AS17: AHH | AT17: =COUNTIFS($R$23:$R$38,AS17) -> 1
C18: 2005 | D18: 207 | E18: 184 | F18: 145 | G18: 205 | H18: 206 | K18: 197 | Q18: JH | R18: =_xlfn.SINGLE(_xlfn.XLOOKUP($Q18,N$4:N$10,O$4:O$10)) -> 630 | S18: =_xlfn.SINGLE(_xlfn.XLOOKUP($Q18,Q$4:Q$10,R$4:R$10)) -> 640 | T18: =_xlfn.SINGLE(_xlfn.XLOOKUP($Q18,T$4:T$10,U$4:U$10)) -> 580 | U18: =_xlfn.SINGLE(_xlfn.XLOOKUP($Q18,W$4:W$10,X$4:X$10)) -> 565 | V18: =_xlfn.SINGLE(_xlfn.XLOOKUP($Q18,Z$4:Z$10,AA$4:AA$10)) -> 553 | W18: =_xlfn.SINGLE(_xlfn.XLOOKUP($Q18,AC$4:AC$10,AD$4:AD$10)) -> 754 | X18: =_xlfn.SINGLE(_xlfn.XLOOKUP($Q18,AG$4:AG$10,AH$4:AH$10)) -> 700 | Y18: =_xlfn.SINGLE(_xlfn.XLOOKUP($Q18,AJ$4:AJ$10,AK$4:AK$10)) -> 635 | Z18: =_xlfn.SINGLE(_xlfn.XLOOKUP($Q18,AM$4:AM$10,AN$4:AN$10)) -> 488 | AA18: =_xlfn.SINGLE(_xlfn.XLOOKUP($Q18,AP$4:AP$10,AQ$4:AQ$10)) -> 618 | AB18: =_xlfn.SINGLE(_xlfn.XLOOKUP($Q18,AS$4:AS$10,AT$4:AT$10)) -> 543 | AC18: =_xlfn.SINGLE(_xlfn.XLOOKUP($Q18,AV$4:AV$10,AW$4:AW$10)) -> 415 | AD18: =_xlfn.SINGLE(_xlfn.XLOOKUP($Q18,AY$4:AY$10,AZ$4:AZ$10)) -> 565 | AE18: =_xlfn.SINGLE(_xlfn.XLOOKUP($Q18,BB$4:BB$10,BC$4:BC$10)) -> 596 | AF18: =_xlfn.SINGLE(_xlfn.XLOOKUP($Q18,BE$4:BE$10,BF$4:BF$10)) -> 598 | AG18: =_xlfn.SINGLE(_xlfn.XLOOKUP($Q18,BH$4:BH$10,BI$4:BI$10)) -> 192 | AK18: =Q18 -> JH | AL18: =SUM(N18:AK18) -> 9072 | AN18: 6 | AO18: JH | AP18: 9072 | AQ18: =$AP$13-AP18 -> 603 | AR18: 6 | AS18: KAF | AT18: =COUNTIFS($R$23:$R$38,AS18) -> 1
C19: 2006 | Q19: TOH | R19: =_xlfn.SINGLE(_xlfn.XLOOKUP($Q19,N$4:N$10,O$4:O$10)) -> 640 | S19: =_xlfn.SINGLE(_xlfn.XLOOKUP($Q19,Q$4:Q$10,R$4:R$10)) -> 610 | T19: =_xlfn.SINGLE(_xlfn.XLOOKUP($Q19,T$4:T$10,U$4:U$10)) -> 610 | U19: =_xlfn.SINGLE(_xlfn.XLOOKUP($Q19,W$4:W$10,X$4:X$10)) -> 636 | V19: =_xlfn.SINGLE(_xlfn.XLOOKUP($Q19,Z$4:Z$10,AA$4:AA$10)) -> 547 | W19: =_xlfn.SINGLE(_xlfn.XLOOKUP($Q19,AC$4:AC$10,AD$4:AD$10)) -> 547 | X19: =_xlfn.SINGLE(_xlfn.XLOOKUP($Q19,AG$4:AG$10,AH$4:AH$10)) -> 955 | Y19: =_xlfn.SINGLE(_xlfn.XLOOKUP($Q19,AJ$4:AJ$10,AK$4:AK$10)) -> 478 | Z19: =_xlfn.SINGLE(_xlfn.XLOOKUP($Q19,AM$4:AM$10,AN$4:AN$10)) -> 546 | AA19: =_xlfn.SINGLE(_xlfn.XLOOKUP($Q19,AP$4:AP$10,AQ$4:AQ$10)) -> 616 | AB19: =_xlfn.SINGLE(_xlfn.XLOOKUP($Q19,AS$4:AS$10,AT$4:AT$10)) -> 661 | AC19: =_xlfn.SINGLE(_xlfn.XLOOKUP($Q19,AV$4:AV$10,AW$4:AW$10)) -> 431 | AD19: =_xlfn.SINGLE(_xlfn.XLOOKUP($Q19,AY$4:AY$10,AZ$4:AZ$10)) -> 557 | AE19: =_xlfn.SINGLE(_xlfn.XLOOKUP($Q19,BB$4:BB$10,BC$4:BC$10)) -> 651 | AF19: =_xlfn.SINGLE(_xlfn.XLOOKUP($Q19,BE$4:BE$10,BF$4:BF$10)) -> 549 | AG19: =_xlfn.SINGLE(_xlfn.XLOOKUP($Q19,BH$4:BH$10,BI$4:BI$10)) -> 242 | AK19: =Q19 -> TOH | AL19: =SUM(N19:AK19) -> 9276 | AN19: 7 | AO19: AHH | AP19: 9006 | AQ19: =$AP$13-AP19 -> 669 | AR19: 7 | AS19: RB | AT19: =COUNTIFS($R$23:$R$38,AS19) -> 1
C20: 2007 | D20: 403 | E20: 408 | F20: 360 | G20: 447 | H20: 445 | K20: 412
C21: 2008
C22: 2009 | D22: 986 | E22: 1014 | F22: 886 | G22: 1002 | H22: 1096 | I22: 1177 | J22: 407 | Q22: Høyest poengsum | T22: All Time High | W22: All time High sortert
C23: 2010 | D23: 12820 | E23: 12591 | F23: 12762 | G23: 14456 | H23: 13448 | I23: 11305 | J23: 13529 | P23: 2025 | Q23: =MAX(R13:R19) -> 720 | R23: =_xlfn.XLOOKUP(MAX(R$13:R$19),R$13:R$19,$Q$13:$Q$19) -> ØG | T23: AHH | U23: =LARGE($R13:$AG13,1) -> 734 | W23: {=_xlfn._xlws.SORT($T$23:$U$29,{2;1},-1)} -> ØG | X23: 996
C24: 2011 | D24: 14158 | E24: 12369 | F24: 12983 | G24: 14228 | H24: 13384 | I24: 13078 | J24: 13237 | P24: 2024 | Q24: =MAX(S13:S19) -> 660 | R24: =_xlfn.XLOOKUP(MAX(S$13:S$19),S$13:S$19,$Q$13:$Q$19) -> RB | T24: RB | U24: =LARGE($R14:$AG14,1) -> 969 | W24: RB | X24: 969
C25: 2012 | D25: 12516 | E25: 13147 | F25: 13488 | G25: 13217 | H25: 14001 | I25: 13517 | J25: 13259 | P25: 2023 | Q25: =MAX(T13:T19) -> 710 | R25: =_xlfn.XLOOKUP(MAX(T$13:T$19),T$13:T$19,$Q$13:$Q$19) -> ØG | T25: EB | U25: =LARGE($R15:$AG15,1) -> 724 | W25: KAF | X25: 957
C26: 2013 | D26: 11347 | E26: 11599 | F26: 12072 | G26: 12519 | H26: 11330 | I26: 11348 | J26: 12171 | P26: 2022 | Q26: =MAX(U13:U19) -> 686 | R26: =_xlfn.XLOOKUP(MAX(U$13:U$19),U$13:U$19,$Q$13:$Q$19) -> EB | T26: KAF | U26: =LARGE($R16:$AG16,1) -> 957 | W26: TOH | X26: 955
C27: 2014 | D27: 11314 | E27: 11720 | F27: 12384 | G27: 11240 | H27: 12628 | I27: 11001 | J27: 12351 | P27: 2021 | Q27: =MAX(V13:V19) -> 553 | R27: =_xlfn.XLOOKUP(MAX(V$13:V$19),V$13:V$19,$Q$13:$Q$19) -> JH | T27: ØG | U27: =LARGE($R17:$AG17,1) -> 996 | W27: JH | X27: 754
C28: 2015 | D28: 12489 | E28: 11668 | F28: 11522 | G28: 11739 | H28: 12022 | I28: 10952 | J28: 11562 | P28: 2020 | Q28: =MAX(W13:W19) -> 754 | R28: =_xlfn.XLOOKUP(MAX(W$13:W$19),W$13:W$19,$Q$13:$Q$19) -> JH | T28: JH | U28: =LARGE($R18:$AG18,1) -> 754 | W28: AHH | X28: 734
C29: 2016 | D29: 11773 | E29: 10869 | F29: 11760 | G29: 12158 | H29: 12101 | I29: 10487 | J29: 12377 | P29: 2019 | Q29: =MAX(X$13:X$19) -> 996 | R29: =_xlfn.XLOOKUP(MAX(X$13:X$19),X$13:X$19,$Q$13:$Q$19) -> ØG | T29: TOH | U29: =LARGE($R19:$AG19,1) -> 955 | W29: EB | X29: 724
C30: 2017 | D30: 12227 | E30: 12061 | F30: 12487 | G30: 12830 | H30: 12740 | I30: 10748 | J30: 11908 | P30: 2018 | Q30: =MAX(Y$13:Y$19) -> 734 | R30: =_xlfn.XLOOKUP(MAX(Y$13:Y$19),Y$13:Y$19,$Q$13:$Q$19) -> AHH
C31: 2018 | D31: 10286 | E31: 10789 | F31: 9751 | G31: 11475 | H31: 11390 | I31: 11051 | J31: 10222 | P31: 2017 | Q31: =MAX(Z$13:Z$19) -> 639 | R31: =_xlfn.XLOOKUP(MAX(Z$13:Z$19),Z$13:Z$19,$Q$13:$Q$19) -> ØG
C32: 2019 | D32: 9254 | E32: 10232 | F32: 10198 | G32: 11281 | H32: 10358 | I32: 9690 | J32: 10613 | P32: 2016 | Q32: =MAX(AA$13:AA$19) -> 618 | R32: =_xlfn.XLOOKUP(MAX(AA$13:AA$19),AA$13:AA$19,$Q$13:$Q$19) -> JH
C33: 2020 | D33: 6004 | E33: 6317 | F33: 7223 | G33: 6563 | H33: 7116 | I33: 7112 | J33: 6734 | P33: 2015 | Q33: =MAX(AB$13:AB$19) -> 661 | R33: =_xlfn.XLOOKUP(MAX(AA$13:AA$19),AA$13:AA$19,$Q$13:$Q$19) -> JH
C34: 2021 | D34: 3190 | E34: 3253 | F34: 2909 | G34: 3870 | H34: 3805 | I34: 3786 | J34: 3134 | P34: 2014 | Q34: =MAX(AC$13:AC$19) -> 644 | R34: =_xlfn.XLOOKUP(MAX(AB$13:AB$19),AB$13:AB$19,$Q$13:$Q$19) -> TOH
C35: 2022 | D35: 9440 | E35: 9597 | F35: 9847 | G35: 10844 | H35: 9987 | I35: 10171 | J35: 10167 | P35: 2013 | Q35: =MAX(AD$13:AD$19) -> 637 | R35: =_xlfn.XLOOKUP(MAX(AD$13:AD$19),AD$13:AD$19,$Q$13:$Q$19) -> KAF
C36: 2023 | D36: 14690 | E36: 14460 | F36: 15220 | G36: 14490 | H36: 15320 | I36: 14690 | J36: 13220 | P36: 2012 | Q36: =MAX(AE$13:AE$19) -> 651 | R36: =_xlfn.XLOOKUP(MAX(AE$13:AE$19),AE$13:AE$19,$Q$13:$Q$19) -> TOH
P37: 2011 | Q37: =MAX(AF$13:AF$19) -> 609 | R37: =_xlfn.XLOOKUP(MAX(AF$13:AF$19),AF$13:AF$19,$Q$13:$Q$19) -> EB
P38: 2010 | Q38: =MAX(AG$13:AG$19) -> 243 | R38: =_xlfn.XLOOKUP(MAX(AG$13:AG$19),AG$13:AG$19,$Q$13:$Q$19) -> ØG
